orderid,quantity,detailed-disposition,reason,status,
111-0072587-2606647,1,SELLABLE,APPAREL_TOO_LARGE,Unit returned to inventory,
111-0081475-8811455,1,CUSTOMER_DAMAGED,UNWANTED_ITEM,Unit returned to inventory,
111-0119197-4347452,1,DEFECTIVE,DEFECTIVE,Unit returned to inventory,
111-0127722-7858632,1,SELLABLE,SWITCHEROO,Unit returned to inventory,
111-0136475-1936255,1,SELLABLE,NOT_AS_DESCRIBED,Unit returned to inventory,
111-0190020-7218637,1,SELLABLE,UNWANTED_ITEM,Unit returned to inventory,
111-0204370-8234616,1,SELLABLE,APPAREL_TOO_LARGE,Unit returned to inventory,
111-0210822-8520246,1,SELLABLE,ORDERED_WRONG_ITEM,Unit returned to inventory,
111-0217793-4275439,1,SELLABLE,UNWANTED_ITEM,Unit returned to inventory,
111-0241588-6949056,1,SELLABLE,APPAREL_TOO_LARGE,Unit returned to inventory,
111-0246803-9781835,1,SELLABLE,APPAREL_TOO_SMALL,Unit returned to inventory,
111-0277332-7919425,1,SELLABLE,APPAREL_TOO_LARGE,Unit returned to inventory,
111-0296139-9787473,1,SELLABLE,UNWANTED_ITEM,Unit returned to inventory,
111-0322594-6476210,1,SELLABLE,SWITCHEROO,Unit returned to inventory,
111-0337855-4560234,1,DEFECTIVE,SWITCHEROO,Unit returned to inventory,
111-0339791-4290664,1,SELLABLE,SWITCHEROO,Unit returned to inventory,
111-0359417-4592244,1,DEFECTIVE,NOT_AS_DESCRIBED,Unit returned to inventory,
111-0429566-4521018,1,SELLABLE,EXTRA_ITEM,Unit returned to inventory,
111-0450845-7358604,1,DEFECTIVE,DEFECTIVE,Unit returned to inventory,
111-0464140-7495412,1,CUSTOMER_DAMAGED,QUALITY_UNACCEPTABLE,Unit returned to inventory,
111-0482492-2807400,1,SELLABLE,APPAREL_TOO_LARGE,Unit returned to inventory,
111-0515013-1717831,1,SELLABLE,NOT_AS_DESCRIBED,Unit returned to inventory,
111-0600007-3941848,1,SELLABLE,APPAREL_TOO_LARGE,Unit returned to inventory,
111-0632495-6118625,1,SELLABLE,APPAREL_TOO_LARGE,Unit returned to inventory,
111-0741807-5972245,1,SELLABLE,APPAREL_TOO_LARGE,Unit returned to inventory,
111-0759617-8083406,1,SELLABLE,APPAREL_TOO_LARGE,Unit returned to inventory,
111-0759617-8083406,1,DEFECTIVE,APPAREL_TOO_LARGE,Unit returned to inventory,
111-0780431-1341059,1,CUSTOMER_DAMAGED,NOT_AS_DESCRIBED,Unit returned to inventory,
111-0796097-3220244,1,SELLABLE,APPAREL_TOO_LARGE,Unit returned to inventory,
111-0801742-6450601,1,CUSTOMER_DAMAGED,APPAREL_TOO_SMALL,Unit returned to inventory,
111-0840188-8288217,1,SELLABLE,SWITCHEROO,Unit returned to inventory,
111-0877739-5805833,1,SELLABLE,APPAREL_TOO_SMALL,Unit returned to inventory,
111-0983634-4418669,1,CUSTOMER_DAMAGED,MISORDERED,Unit returned to inventory,
111-0998758-2299418,1,SELLABLE,APPAREL_TOO_LARGE,Unit returned to inventory,
111-1039330-3969058,1,SELLABLE,UNWANTED_ITEM,Unit returned to inventory,
111-1224643-1615409,1,SELLABLE,APPAREL_TOO_SMALL,Unit returned to inventory,
111-1339770-9275446,1,SELLABLE,APPAREL_TOO_LARGE,Unit returned to inventory,
111-1356434-5099439,1,SELLABLE,APPAREL_TOO_SMALL,Unit returned to inventory,
111-1358214-2097834,1,SELLABLE,APPAREL_TOO_SMALL,Unit returned to inventory,
111-1470299-6163410,1,SELLABLE,ORDERED_WRONG_ITEM,Unit returned to inventory,
111-1536026-6977859,1,CUSTOMER_DAMAGED,ORDERED_WRONG_ITEM,Unit returned to inventory,
111-1600565-9556220,1,SELLABLE,NO_REASON_GIVEN,Unit returned to inventory,
111-1632962-9222627,1,SELLABLE,APPAREL_TOO_SMALL,Unit returned to inventory,
111-1638358-4789807,1,CUSTOMER_DAMAGED,DEFECTIVE,Unit returned to inventory,
111-1648250-9232263,1,CUSTOMER_DAMAGED,UNWANTED_ITEM,Unit returned to inventory,
111-1666214-4093842,1,CUSTOMER_DAMAGED,APPAREL_STYLE,Unit returned to inventory,
111-1724828-0689810,1,CUSTOMER_DAMAGED,ORDERED_WRONG_ITEM,Unit returned to inventory,
111-1742751-1311404,1,SELLABLE,MISORDERED,Unit returned to inventory,
111-1742751-1311404,1,SELLABLE,MISORDERED,Unit returned to inventory,
111-1796160-9544258,1,SELLABLE,UNWANTED_ITEM,Unit returned to inventory,
111-1814085-2654662,1,CUSTOMER_DAMAGED,NOT_AS_DESCRIBED,Unit returned to inventory,
111-1817926-2048217,1,SELLABLE,DEFECTIVE,Unit returned to inventory,
111-1848318-7045017,1,SELLABLE,UNWANTED_ITEM,Unit returned to inventory,
111-1903437-9901801,1,DEFECTIVE,UNWANTED_ITEM,Unit returned to inventory,
111-2001521-5388258,1,SELLABLE,APPAREL_TOO_SMALL,Unit returned to inventory,
111-2099598-7268214,1,SELLABLE,UNWANTED_ITEM,Unit returned to inventory,
111-2110593-2122660,1,SELLABLE,NO_REASON_GIVEN,Unit returned to inventory,
111-2113704-3253027,1,SELLABLE,APPAREL_TOO_SMALL,Unit returned to inventory,
111-2162063-7708217,1,CUSTOMER_DAMAGED,NOT_AS_DESCRIBED,Unit returned to inventory,
111-2171640-7065068,1,SELLABLE,APPAREL_TOO_LARGE,Unit returned to inventory,
111-2222195-2166654,1,SELLABLE,APPAREL_TOO_LARGE,Unit returned to inventory,
111-2230465-7389016,1,SELLABLE,NO_REASON_GIVEN,Unit returned to inventory,
111-2246083-7471433,1,CUSTOMER_DAMAGED,ORDERED_WRONG_ITEM,Unit returned to inventory,
111-2258512-5885053,1,SELLABLE,SWITCHEROO,Unit returned to inventory,
111-2261103-0503462,1,SELLABLE,UNWANTED_ITEM,Unit returned to inventory,
111-2261379-8457812,1,SELLABLE,APPAREL_TOO_SMALL,Unit returned to inventory,
111-2267250-9145821,1,SELLABLE,APPAREL_TOO_SMALL,Unit returned to inventory,
111-2293770-6740255,1,SELLABLE,UNDELIVERABLE_UNKNOWN,Unit returned to inventory,
111-2294515-4756251,1,SELLABLE,APPAREL_TOO_LARGE,Unit returned to inventory,
111-2444352-2338634,1,SELLABLE,UNWANTED_ITEM,Unit returned to inventory,
111-2462546-6046651,1,CUSTOMER_DAMAGED,UNWANTED_ITEM,Unit returned to inventory,
111-2486769-1845050,1,SELLABLE,MISORDERED,Unit returned to inventory,
111-2603732-5647429,1,DAMAGED,SWITCHEROO,Reimbursed,
111-2629531-5185819,1,SELLABLE,ORDERED_WRONG_ITEM,Unit returned to inventory,
111-2644122-8200243,1,CUSTOMER_DAMAGED,APPAREL_TOO_SMALL,Unit returned to inventory,
111-2680748-8266648,1,CUSTOMER_DAMAGED,APPAREL_TOO_SMALL,Unit returned to inventory,
111-2730182-5171429,1,SELLABLE,ORDERED_WRONG_ITEM,Unit returned to inventory,
111-2741632-6568214,1,SELLABLE,APPAREL_TOO_LARGE,Unit returned to inventory,
111-2761787-0207437,1,SELLABLE,APPAREL_TOO_LARGE,Unit returned to inventory,
111-2786840-2615439,1,SELLABLE,ORDERED_WRONG_ITEM,Unit returned to inventory,
111-2792747-1405827,1,SELLABLE,UNDELIVERABLE_UNKNOWN,Unit returned to inventory,
111-2827368-5556223,1,SELLABLE,APPAREL_TOO_LARGE,Unit returned to inventory,
111-2827368-5556223,1,SELLABLE,APPAREL_TOO_SMALL,Unit returned to inventory,
111-2845389-4273850,1,SELLABLE,SWITCHEROO,Unit returned to inventory,
111-2875366-6028263,1,SELLABLE,APPAREL_TOO_SMALL,Unit returned to inventory,
111-2879647-3692224,1,SELLABLE,APPAREL_TOO_SMALL,Unit returned to inventory,
111-3002022-4901849,1,SELLABLE,UNWANTED_ITEM,Unit returned to inventory,
111-3028985-2850662,1,SELLABLE,UNDELIVERABLE_UNCLAIMED,Unit returned to inventory,
111-3047113-6495427,1,SELLABLE,UNWANTED_ITEM,Unit returned to inventory,
111-3078141-8333045,1,SELLABLE,APPAREL_TOO_LARGE,Unit returned to inventory,
111-3078686-4449854,1,CUSTOMER_DAMAGED,NOT_AS_DESCRIBED,Unit returned to inventory,
111-3126584-9481818,1,SELLABLE,APPAREL_STYLE,Unit returned to inventory,
111-3133304-7512248,1,SELLABLE,APPAREL_TOO_SMALL,Unit returned to inventory,
111-3155046-9261861,1,CARRIER_DAMAGED,ORDERED_WRONG_ITEM,Reimbursed,
111-3155927-5780261,1,CUSTOMER_DAMAGED,SWITCHEROO,Unit returned to inventory,
111-3179239-9798611,1,SELLABLE,APPAREL_TOO_LARGE,Unit returned to inventory,
111-3257466-0542648,1,SELLABLE,UNWANTED_ITEM,Unit returned to inventory,
111-3257466-0542648,1,SELLABLE,UNWANTED_ITEM,Unit returned to inventory,
111-3290053-7317067,1,SELLABLE,APPAREL_TOO_LARGE,Unit returned to inventory,
111-3301593-3693022,1,SELLABLE,UNDELIVERABLE_UNKNOWN,Unit returned to inventory,
111-3301593-3693022,1,SELLABLE,UNDELIVERABLE_UNKNOWN,Unit returned to inventory,
111-3350292-8736207,1,SELLABLE,APPAREL_TOO_SMALL,Unit returned to inventory,
111-3382770-7342609,1,SELLABLE,DAMAGED_BY_CARRIER,Unit returned to inventory,
111-3406225-5404209,1,SELLABLE,UNWANTED_ITEM,Unit returned to inventory,
111-3409607-5441803,1,SELLABLE,ORDERED_WRONG_ITEM,Unit returned to inventory,
111-3447366-3578661,1,SELLABLE,UNWANTED_ITEM,Unit returned to inventory,
111-3635729-3325842,1,SELLABLE,UNWANTED_ITEM,Unit returned to inventory,
111-3654500-0645047,1,SELLABLE,APPAREL_STYLE,Unit returned to inventory,
111-3701767-7597065,1,CUSTOMER_DAMAGED,UNWANTED_ITEM,Unit returned to inventory,
111-3709253-4912252,1,SELLABLE,UNDELIVERABLE_UNKNOWN,Unit returned to inventory,
111-3725042-6877825,1,SELLABLE,DEFECTIVE,Unit returned to inventory,
111-3737872-5878650,1,CARRIER_DAMAGED,UNWANTED_ITEM,Unit returned to inventory,
111-3858072-4141052,1,SELLABLE,DEFECTIVE,Unit returned to inventory,
111-3888990-0293032,1,SELLABLE,APPAREL_STYLE,Unit returned to inventory,
111-3897441-3393004,1,SELLABLE,SWITCHEROO,Unit returned to inventory,
111-3931086-0093025,1,SELLABLE,MISORDERED,Unit returned to inventory,
111-3965792-3604221,1,SELLABLE,MISORDERED,Unit returned to inventory,
111-3971510-7934612,1,SELLABLE,NO_REASON_GIVEN,Unit returned to inventory,
111-4060106-0139418,1,SELLABLE,MISORDERED,Unit returned to inventory,
111-4090374-4039409,1,SELLABLE,NO_REASON_GIVEN,Unit returned to inventory,
111-4151723-9184261,1,SELLABLE,NO_REASON_GIVEN,Unit returned to inventory,
111-4157926-2979424,1,SELLABLE,DEFECTIVE,Unit returned to inventory,
111-4169797-2301811,1,SELLABLE,APPAREL_TOO_LARGE,Unit returned to inventory,
111-4195075-2163434,1,SELLABLE,APPAREL_TOO_LARGE,Unit returned to inventory,
111-4202785-6930648,1,SELLABLE,APPAREL_TOO_SMALL,Unit returned to inventory,
111-4229764-5148214,1,CUSTOMER_DAMAGED,SWITCHEROO,Unit returned to inventory,
111-4233761-7729861,1,CUSTOMER_DAMAGED,SWITCHEROO,Unit returned to inventory,
111-4244388-9129840,1,SELLABLE,APPAREL_STYLE,Unit returned to inventory,
111-4247099-2885018,1,SELLABLE,DEFECTIVE,Unit returned to inventory,
111-4273113-1343466,1,CUSTOMER_DAMAGED,NO_REASON_GIVEN,Unit returned to inventory,
111-4394600-9613855,1,CUSTOMER_DAMAGED,APPAREL_TOO_SMALL,Unit returned to inventory,
111-4431909-7119424,1,CUSTOMER_DAMAGED,UNWANTED_ITEM,Unit returned to inventory,
111-4459445-3928263,1,SELLABLE,APPAREL_TOO_SMALL,Unit returned to inventory,
111-4512343-1754621,1,SELLABLE,UNWANTED_ITEM,Unit returned to inventory,
111-4512343-1754621,1,SELLABLE,UNWANTED_ITEM,Unit returned to inventory,
111-4512343-1754621,1,SELLABLE,UNWANTED_ITEM,Unit returned to inventory,
111-4531732-6225833,1,DEFECTIVE,NOT_AS_DESCRIBED,Unit returned to inventory,
111-4536663-9380241,1,SELLABLE,DEFECTIVE,Unit returned to inventory,
111-4551628-3062660,1,SELLABLE,APPAREL_STYLE,Unit returned to inventory,
111-4684418-6221054,1,SELLABLE,NO_REASON_GIVEN,Unit returned to inventory,
111-4684418-6221054,1,SELLABLE,NO_REASON_GIVEN,Unit returned to inventory,
111-4684418-6221054,1,SELLABLE,NO_REASON_GIVEN,Unit returned to inventory,
111-4795091-6524260,1,SELLABLE,UNWANTED_ITEM,Unit returned to inventory,
111-4795091-6524260,1,SELLABLE,NO_REASON_GIVEN,Unit returned to inventory,
111-4852505-4294623,1,CUSTOMER_DAMAGED,ORDERED_WRONG_ITEM,Unit returned to inventory,
111-4894171-7661010,1,SELLABLE,APPAREL_TOO_SMALL,Unit returned to inventory,
111-4914733-4661816,1,CUSTOMER_DAMAGED,SWITCHEROO,Unit returned to inventory,
111-5011634-1509836,1,SELLABLE,ORDERED_WRONG_ITEM,Unit returned to inventory,
111-5037501-6216233,1,SELLABLE,MISORDERED,Unit returned to inventory,
111-5098097-4964248,1,SELLABLE,APPAREL_TOO_SMALL,Unit returned to inventory,
111-5100516-2859415,1,SELLABLE,MISSED_ESTIMATED_DELIVERY,Unit returned to inventory,
111-5131360-8609001,1,SELLABLE,MISSED_ESTIMATED_DELIVERY,Unit returned to inventory,
111-5141473-4785842,1,SELLABLE,UNWANTED_ITEM,Unit returned to inventory,
111-5160389-1320210,1,SELLABLE,APPAREL_TOO_LARGE,Unit returned to inventory,
111-5199474-3193838,1,CUSTOMER_DAMAGED,APPAREL_TOO_SMALL,Repackaged Successfully,
111-5279452-8475458,1,SELLABLE,NO_REASON_GIVEN,Unit returned to inventory,
111-5294154-4257848,1,SELLABLE,DEFECTIVE,Unit returned to inventory,
111-5294823-8198601,1,SELLABLE,DEFECTIVE,Unit returned to inventory,
111-5294823-8198601,1,SELLABLE,DEFECTIVE,Unit returned to inventory,
111-5410873-6607447,1,SELLABLE,APPAREL_TOO_SMALL,Unit returned to inventory,
111-5418058-2588260,1,SELLABLE,APPAREL_TOO_LARGE,Unit returned to inventory,
111-5471709-8848244,1,DEFECTIVE,NOT_AS_DESCRIBED,Unit returned to inventory,
111-5519583-3838666,1,DEFECTIVE,NOT_AS_DESCRIBED,Unit returned to inventory,
111-5525035-1246652,1,SELLABLE,SWITCHEROO,Unit returned to inventory,
111-5525763-9766651,1,SELLABLE,APPAREL_TOO_SMALL,Unit returned to inventory,
111-5586787-2547416,1,SELLABLE,ORDERED_WRONG_ITEM,Unit returned to inventory,
111-5632325-7445845,1,SELLABLE,SWITCHEROO,Unit returned to inventory,
111-5634419-4518624,1,SELLABLE,APPAREL_TOO_LARGE,Unit returned to inventory,
111-5634419-4518624,1,SELLABLE,APPAREL_TOO_LARGE,Unit returned to inventory,
111-5685226-1581807,1,SELLABLE,ORDERED_WRONG_ITEM,Unit returned to inventory,
111-5688638-8791439,1,CUSTOMER_DAMAGED,UNWANTED_ITEM,Unit returned to inventory,
111-5689505-8249843,1,DAMAGED,SWITCHEROO,Reimbursed,
111-5715381-8664222,1,SELLABLE,DID_NOT_LIKE_COLOR,Unit returned to inventory,
111-5768994-4474627,1,SELLABLE,NO_REASON_GIVEN,Unit returned to inventory,
111-5791732-3100257,1,CUSTOMER_DAMAGED,ORDERED_WRONG_ITEM,Unit returned to inventory,
111-5816408-5234647,1,SELLABLE,APPAREL_STYLE,Unit returned to inventory,
111-5882871-3323445,1,SELLABLE,UNWANTED_ITEM,Unit returned to inventory,
111-5949540-2697869,1,CUSTOMER_DAMAGED,NOT_AS_DESCRIBED,Unit returned to inventory,
111-5954179-6054620,1,SELLABLE,APPAREL_TOO_SMALL,Unit returned to inventory,
111-5986585-8677864,1,SELLABLE,APPAREL_STYLE,Unit returned to inventory,
111-6037661-3793813,1,DEFECTIVE,DEFECTIVE,Unit returned to inventory,
111-6066143-3330631,1,SELLABLE,APPAREL_TOO_SMALL,Unit returned to inventory,
111-6066143-3330631,1,SELLABLE,APPAREL_TOO_SMALL,Unit returned to inventory,
111-6072667-9377044,1,SELLABLE,APPAREL_TOO_SMALL,Unit returned to inventory,
111-6072667-9377044,1,SELLABLE,NO_REASON_GIVEN,Unit returned to inventory,
111-6155587-0070643,1,SELLABLE,APPAREL_TOO_LARGE,Unit returned to inventory,
111-6352941-7701028,1,SELLABLE,APPAREL_TOO_SMALL,Unit returned to inventory,
111-6369358-5372250,1,SELLABLE,UNWANTED_ITEM,Unit returned to inventory,
111-6399902-6350620,1,SELLABLE,APPAREL_TOO_LARGE,Unit returned to inventory,
111-6399902-6350620,1,SELLABLE,APPAREL_TOO_LARGE,Unit returned to inventory,
111-6399902-6350620,1,SELLABLE,APPAREL_TOO_LARGE,Unit returned to inventory,
111-6399902-6350620,1,SELLABLE,APPAREL_TOO_LARGE,Unit returned to inventory,
111-6429970-1317825,1,SELLABLE,APPAREL_TOO_LARGE,Unit returned to inventory,
111-6438572-4423436,1,CUSTOMER_DAMAGED,SWITCHEROO,Unit returned to inventory,
111-6499020-5740207,1,SELLABLE,APPAREL_STYLE,Unit returned to inventory,
111-6501525-6001849,1,SELLABLE,ORDERED_WRONG_ITEM,Unit returned to inventory,
111-6525251-8907427,1,SELLABLE,DEFECTIVE,Unit returned to inventory,
111-6525251-8907427,1,SELLABLE,APPAREL_TOO_SMALL,Unit returned to inventory,
111-6553120-5673842,1,SELLABLE,ORDERED_WRONG_ITEM,Unit returned to inventory,
111-6609507-1736265,1,SELLABLE,APPAREL_TOO_SMALL,Unit returned to inventory,
111-6635918-0982600,1,SELLABLE,UNWANTED_ITEM,Unit returned to inventory,
111-6642193-6057057,1,SELLABLE,MISORDERED,Unit returned to inventory,
111-6815313-5673830,1,SELLABLE,APPAREL_TOO_LARGE,Unit returned to inventory,
111-6834872-5981029,1,DEFECTIVE,NOT_AS_DESCRIBED,Unit returned to inventory,
111-6860955-0986640,1,DEFECTIVE,SWITCHEROO,Unit returned to inventory,
111-6889626-0991438,1,SELLABLE,UNWANTED_ITEM,Unit returned to inventory,
111-6922628-1726602,1,CUSTOMER_DAMAGED,ORDERED_WRONG_ITEM,Unit returned to inventory,
111-6935631-6417864,1,SELLABLE,APPAREL_TOO_SMALL,Unit returned to inventory,
111-7000149-6009802,1,SELLABLE,ORDERED_WRONG_ITEM,Unit returned to inventory,
111-7003539-0657041,1,SELLABLE,APPAREL_TOO_LARGE,Unit returned to inventory,
111-7063993-6447405,1,SELLABLE,APPAREL_TOO_LARGE,Unit returned to inventory,
111-7066565-5636264,1,SELLABLE,MISORDERED,Unit returned to inventory,
111-7156561-8384211,1,SELLABLE,DEFECTIVE,Unit returned to inventory,
111-7187952-3997867,1,SELLABLE,APPAREL_TOO_LARGE,Unit returned to inventory,
111-7192980-6869814,1,SELLABLE,MISORDERED,Unit returned to inventory,
111-7223541-4241067,1,SELLABLE,SWITCHEROO,Unit returned to inventory,
111-7229856-6945841,1,SELLABLE,MISORDERED,Unit returned to inventory,
111-7347843-7975422,1,SELLABLE,MISSED_ESTIMATED_DELIVERY,Unit returned to inventory,
111-7356019-8979431,1,SELLABLE,ORDERED_WRONG_ITEM,Unit returned to inventory,
111-7367023-5445833,1,CARRIER_DAMAGED,UNDELIVERABLE_UNKNOWN,Reimbursed,
111-7368384-8234606,1,SELLABLE,UNWANTED_ITEM,Unit returned to inventory,
111-7391321-8272201,1,SELLABLE,NOT_AS_DESCRIBED,Unit returned to inventory,
111-7428404-4074646,1,SELLABLE,APPAREL_TOO_LARGE,Unit returned to inventory,
111-7463347-6014627,1,SELLABLE,UNWANTED_ITEM,Unit returned to inventory,
111-7473579-0965854,1,CUSTOMER_DAMAGED,MISSED_ESTIMATED_DELIVERY,Unit returned to inventory,
111-7475836-3936211,1,SELLABLE,APPAREL_TOO_LARGE,Unit returned to inventory,
111-7484524-5338642,1,CUSTOMER_DAMAGED,NOT_AS_DESCRIBED,Unit returned to inventory,
111-7546733-8403424,1,SELLABLE,APPAREL_STYLE,Unit returned to inventory,
111-7546733-8403424,1,SELLABLE,APPAREL_STYLE,Unit returned to inventory,
111-7568703-4532243,1,CUSTOMER_DAMAGED,APPAREL_TOO_SMALL,Unit returned to inventory,
111-7569229-0878628,1,SELLABLE,MISSED_ESTIMATED_DELIVERY,Unit returned to inventory,
111-7674416-8121041,1,SELLABLE,APPAREL_TOO_LARGE,Unit returned to inventory,
111-7747834-6725005,1,SELLABLE,APPAREL_TOO_SMALL,Unit returned to inventory,
111-7748599-9101040,1,SELLABLE,APPAREL_TOO_SMALL,Unit returned to inventory,
111-7760061-3965829,1,CUSTOMER_DAMAGED,ORDERED_WRONG_ITEM,Unit returned to inventory,
111-7787120-1833059,1,SELLABLE,MISSED_ESTIMATED_DELIVERY,Unit returned to inventory,
111-7798052-6194617,1,SELLABLE,MISORDERED,Unit returned to inventory,
111-7830510-9325820,1,CUSTOMER_DAMAGED,ORDERED_WRONG_ITEM,Unit returned to inventory,
111-8027846-0965811,1,SELLABLE,UNWANTED_ITEM,Unit returned to inventory,
111-8043778-1897829,1,SELLABLE,APPAREL_TOO_LARGE,Unit returned to inventory,
111-8077729-3836256,1,SELLABLE,UNWANTED_ITEM,Unit returned to inventory,
111-8078548-9352248,1,SELLABLE,NOT_AS_DESCRIBED,Unit returned to inventory,
111-8168122-4424232,1,SELLABLE,APPAREL_TOO_SMALL,Unit returned to inventory,
111-8172190-1621037,1,SELLABLE,APPAREL_STYLE,Unit returned to inventory,
111-8172190-1621037,1,SELLABLE,UNWANTED_ITEM,Unit returned to inventory,
111-8247289-6974632,1,SELLABLE,NO_REASON_GIVEN,Unit returned to inventory,
111-8262202-5183457,1,SELLABLE,APPAREL_TOO_SMALL,Unit returned to inventory,
111-8340131-0842639,1,SELLABLE,MISORDERED,Unit returned to inventory,
111-8401698-6693869,1,SELLABLE,APPAREL_TOO_SMALL,Unit returned to inventory,
111-8514684-6402612,1,SELLABLE,APPAREL_TOO_SMALL,Unit returned to inventory,
111-8514684-6402612,1,SELLABLE,APPAREL_TOO_SMALL,Unit returned to inventory,
111-8514984-4134651,1,SELLABLE,UNWANTED_ITEM,Unit returned to inventory,
111-8533752-6438643,1,CUSTOMER_DAMAGED,UNWANTED_ITEM,Unit returned to inventory,
111-8626801-2857010,1,DEFECTIVE,DEFECTIVE,Unit returned to inventory,
111-8658215-9894622,1,SELLABLE,APPAREL_TOO_SMALL,Unit returned to inventory,
111-8660567-2645836,1,SELLABLE,APPAREL_TOO_LARGE,Unit returned to inventory,
111-8750104-7102609,1,DEFECTIVE,MISSING_PARTS,Unit returned to inventory,
111-8762536-5114622,1,SELLABLE,APPAREL_TOO_SMALL,Unit returned to inventory,
111-8837687-7621017,1,SELLABLE,APPAREL_TOO_LARGE,Unit returned to inventory,
111-8889209-7125852,1,SELLABLE,APPAREL_TOO_SMALL,Unit returned to inventory,
111-8904115-1702640,1,SELLABLE,UNWANTED_ITEM,Unit returned to inventory,
111-8922400-3812237,1,SELLABLE,NO_REASON_GIVEN,Unit returned to inventory,
111-8941803-9040219,1,SELLABLE,APPAREL_TOO_LARGE,Unit returned to inventory,
111-8947259-4791444,1,CUSTOMER_DAMAGED,SWITCHEROO,Unit returned to inventory,
111-8960823-8233828,1,SELLABLE,APPAREL_STYLE,Unit returned to inventory,
111-8963798-8779424,1,SELLABLE,APPAREL_TOO_SMALL,Unit returned to inventory,
111-8982422-6662614,1,CUSTOMER_DAMAGED,UNWANTED_ITEM,Unit returned to inventory,
111-9011267-3841846,1,SELLABLE,APPAREL_STYLE,Unit returned to inventory,
111-9011267-3841846,1,SELLABLE,APPAREL_STYLE,Unit returned to inventory,
111-9019230-6973837,1,SELLABLE,NO_REASON_GIVEN,Unit returned to inventory,
111-9024055-8926628,1,SELLABLE,APPAREL_TOO_SMALL,Unit returned to inventory,
111-9071424-9980259,1,SELLABLE,APPAREL_TOO_LARGE,Unit returned to inventory,
111-9111721-6945053,1,CUSTOMER_DAMAGED,MISSED_ESTIMATED_DELIVERY,Unit returned to inventory,
111-9126247-4977051,1,SELLABLE,NO_REASON_GIVEN,Unit returned to inventory,
111-9145970-6325021,1,SELLABLE,APPAREL_TOO_LARGE,Unit returned to inventory,
111-9269382-9209019,1,CUSTOMER_DAMAGED,APPAREL_STYLE,Unit returned to inventory,
111-9324536-9611414,1,CARRIER_DAMAGED,MISSED_ESTIMATED_DELIVERY,Reimbursed,
111-9328658-5029031,1,SELLABLE,ORDERED_WRONG_ITEM,Unit returned to inventory,
111-9348004-2598655,1,SELLABLE,APPAREL_TOO_SMALL,Unit returned to inventory,
111-9348004-2598655,1,SELLABLE,APPAREL_TOO_SMALL,Unit returned to inventory,
111-9398649-3124223,1,SELLABLE,APPAREL_TOO_LARGE,Unit returned to inventory,
111-9413944-5608203,1,SELLABLE,UNWANTED_ITEM,Unit returned to inventory,
111-9443129-5121031,1,CUSTOMER_DAMAGED,UNWANTED_ITEM,Unit returned to inventory,
111-9450192-9704231,1,CUSTOMER_DAMAGED,UNWANTED_ITEM,Unit returned to inventory,
111-9546586-0788245,1,CUSTOMER_DAMAGED,FOUND_BETTER_PRICE,Unit returned to inventory,
111-9548513-2013811,1,SELLABLE,APPAREL_TOO_LARGE,Unit returned to inventory,
111-9562557-8654646,1,CARRIER_DAMAGED,UNWANTED_ITEM,Reimbursed,
111-9565570-7609867,1,CUSTOMER_DAMAGED,APPAREL_TOO_SMALL,Unit returned to inventory,
111-9727581-0983411,1,SELLABLE,APPAREL_TOO_SMALL,Unit returned to inventory,
111-9821405-9346632,1,SELLABLE,APPAREL_TOO_SMALL,Unit returned to inventory,
111-9837281-1906645,1,DEFECTIVE,SWITCHEROO,Unit returned to inventory,
111-9919509-2949019,1,DEFECTIVE,DEFECTIVE,Unit returned to inventory,
111-9948300-8696204,1,CUSTOMER_DAMAGED,UNWANTED_ITEM,Unit returned to inventory,
112-0015282-5893856,1,SELLABLE,UNWANTED_ITEM,Unit returned to inventory,
112-0126068-2528223,1,SELLABLE,APPAREL_TOO_SMALL,Unit returned to inventory,
112-0134402-2989012,1,DEFECTIVE,DEFECTIVE,Unit returned to inventory,
112-0162103-8357038,1,SELLABLE,UNWANTED_ITEM,Unit returned to inventory,
112-0177521-0068247,1,SELLABLE,APPAREL_TOO_LARGE,Unit returned to inventory,
112-0254701-3728268,1,SELLABLE,MISORDERED,Unit returned to inventory,
112-0281049-0763473,1,DEFECTIVE,SWITCHEROO,Unit returned to inventory,
112-0281049-0763473,1,SELLABLE,SWITCHEROO,Unit returned to inventory,
112-0439986-8759466,1,SELLABLE,APPAREL_TOO_SMALL,Unit returned to inventory,
112-0444527-2265862,1,SELLABLE,APPAREL_STYLE,Unit returned to inventory,
112-0513134-4562668,1,SELLABLE,APPAREL_TOO_SMALL,Unit returned to inventory,
112-0544916-6445826,1,SELLABLE,APPAREL_TOO_SMALL,Unit returned to inventory,
112-0561538-0164243,1,CUSTOMER_DAMAGED,FOUND_BETTER_PRICE,Unit returned to inventory,
112-0561806-8641004,1,CARRIER_DAMAGED,ORDERED_WRONG_ITEM,Reimbursed,
112-0570575-5540203,1,SELLABLE,NO_REASON_GIVEN,Unit returned to inventory,
112-0570575-5540203,1,SELLABLE,NO_REASON_GIVEN,Unit returned to inventory,
112-0570575-5540203,1,SELLABLE,APPAREL_TOO_LARGE,Unit returned to inventory,
112-0577801-6030636,1,SELLABLE,NOT_AS_DESCRIBED,Unit returned to inventory,
112-0587923-9163431,1,DEFECTIVE,QUALITY_UNACCEPTABLE,Unit returned to inventory,
112-0597648-2447438,1,DEFECTIVE,DEFECTIVE,Unit returned to inventory,
112-0631901-3604242,1,SELLABLE,APPAREL_STYLE,Unit returned to inventory,
112-0637342-3480251,1,SELLABLE,UNWANTED_ITEM,Unit returned to inventory,
112-0670921-5230607,1,SELLABLE,QUALITY_UNACCEPTABLE,Unit returned to inventory,
112-0739612-1422629,1,SELLABLE,APPAREL_TOO_LARGE,Unit returned to inventory,
112-0764187-0633022,1,SELLABLE,APPAREL_TOO_SMALL,Unit returned to inventory,
112-0792310-4785850,1,SELLABLE,MISORDERED,Unit returned to inventory,
112-0840788-8182617,1,CUSTOMER_DAMAGED,APPAREL_TOO_SMALL,Unit returned to inventory,
112-0840788-8182617,1,SELLABLE,APPAREL_TOO_LARGE,Unit returned to inventory,
112-0859879-5682612,1,SELLABLE,DEFECTIVE,Unit returned to inventory,
112-0898535-0450654,1,CUSTOMER_DAMAGED,DAMAGED_BY_FC,Unit returned to inventory,
112-0929776-9189028,1,SELLABLE,UNWANTED_ITEM,Unit returned to inventory,
112-0976657-2211431,1,SELLABLE,DEFECTIVE,Unit returned to inventory,
112-0976657-2211431,1,CUSTOMER_DAMAGED,DEFECTIVE,Unit returned to inventory,
112-1026388-9645057,1,SELLABLE,ORDERED_WRONG_ITEM,Unit returned to inventory,
112-1111657-7082626,1,SELLABLE,APPAREL_TOO_LARGE,Unit returned to inventory,
112-1169354-9268204,1,SELLABLE,APPAREL_TOO_LARGE,Unit returned to inventory,
112-1172446-6445058,1,SELLABLE,SWITCHEROO,Unit returned to inventory,
112-1246919-1025011,1,SELLABLE,UNWANTED_ITEM,Unit returned to inventory,
112-1277783-5147420,1,DEFECTIVE,NOT_AS_DESCRIBED,Unit returned to inventory,
112-1288006-1507419,1,CUSTOMER_DAMAGED,SWITCHEROO,Unit returned to inventory,
112-1304377-6873006,1,SELLABLE,ORDERED_WRONG_ITEM,Unit returned to inventory,
112-1310685-4176202,1,SELLABLE,UNWANTED_ITEM,Unit returned to inventory,
112-1430740-6189043,1,SELLABLE,ORDERED_WRONG_ITEM,Unit returned to inventory,
112-1434241-0461824,1,SELLABLE,NOT_AS_DESCRIBED,Unit returned to inventory,
112-1451947-8295447,1,SELLABLE,NOT_AS_DESCRIBED,Unit returned to inventory,
112-1514023-8473008,1,SELLABLE,DEFECTIVE,Unit returned to inventory,
112-1523204-9700202,1,SELLABLE,APPAREL_TOO_LARGE,Unit returned to inventory,
112-1612101-3249804,1,SELLABLE,UNWANTED_ITEM,Unit returned to inventory,
112-1660190-3809838,1,SELLABLE,APPAREL_TOO_SMALL,Unit returned to inventory,
112-1674553-8531433,1,CARRIER_DAMAGED,UNWANTED_ITEM,Reimbursed,
112-1695262-0559408,1,SELLABLE,UNDELIVERABLE_UNKNOWN,Unit returned to inventory,
112-1843313-1557029,1,SELLABLE,APPAREL_STYLE,Unit returned to inventory,
112-1844373-6813019,1,SELLABLE,APPAREL_STYLE,Unit returned to inventory,
112-1892285-3709043,1,CUSTOMER_DAMAGED,FOUND_BETTER_PRICE,Unit returned to inventory,
112-1908264-1925813,1,CUSTOMER_DAMAGED,APPAREL_TOO_SMALL,Unit returned to inventory,
112-1949251-7979421,1,SELLABLE,APPAREL_TOO_LARGE,Unit returned to inventory,
112-1977116-8178646,1,SELLABLE,MISSED_ESTIMATED_DELIVERY,Unit returned to inventory,
112-2044013-4569830,1,SELLABLE,ORDERED_WRONG_ITEM,Unit returned to inventory,
112-2115981-0182617,1,DEFECTIVE,DEFECTIVE,Unit returned to inventory,
112-2138303-1019463,1,SELLABLE,NOT_AS_DESCRIBED,Unit returned to inventory,
112-2138303-1019463,1,SELLABLE,NOT_AS_DESCRIBED,Unit returned to inventory,
112-2162396-3262611,1,SELLABLE,ORDERED_WRONG_ITEM,Unit returned to inventory,
112-2196181-8861024,1,SELLABLE,UNWANTED_ITEM,Unit returned to inventory,
112-2206436-4994602,1,SELLABLE,APPAREL_TOO_LARGE,Unit returned to inventory,
112-2224485-9253817,1,SELLABLE,UNWANTED_ITEM,Unit returned to inventory,
112-2302275-2666661,1,SELLABLE,MISSED_ESTIMATED_DELIVERY,Unit returned to inventory,
112-2303405-5841009,1,SELLABLE,APPAREL_TOO_SMALL,Unit returned to inventory,
112-2309061-4078633,1,SELLABLE,NO_REASON_GIVEN,Unit returned to inventory,
112-2309061-4078633,1,SELLABLE,UNWANTED_ITEM,Unit returned to inventory,
112-2309061-4078633,1,SELLABLE,NO_REASON_GIVEN,Unit returned to inventory,
112-2322022-9598635,1,SELLABLE,APPAREL_STYLE,Unit returned to inventory,
112-2377350-2573813,1,SELLABLE,DAMAGED_BY_CARRIER,Unit returned to inventory,
112-2433822-5556238,1,CUSTOMER_DAMAGED,ORDERED_WRONG_ITEM,Unit returned to inventory,
112-2586435-3785051,1,SELLABLE,APPAREL_TOO_SMALL,Unit returned to inventory,
112-2613283-6562617,1,CUSTOMER_DAMAGED,UNWANTED_ITEM,Unit returned to inventory,
112-2613856-0639419,1,CUSTOMER_DAMAGED,NO_REASON_GIVEN,Unit returned to inventory,
112-2651814-9483433,1,SELLABLE,UNWANTED_ITEM,Unit returned to inventory,
112-2652987-0710644,1,CUSTOMER_DAMAGED,ORDERED_WRONG_ITEM,Unit returned to inventory,
112-2660110-2478647,1,CUSTOMER_DAMAGED,ORDERED_WRONG_ITEM,Unit returned to inventory,
112-2697850-6265046,1,SELLABLE,NOT_AS_DESCRIBED,Unit returned to inventory,
112-2769640-8028235,1,SELLABLE,MISSED_ESTIMATED_DELIVERY,Unit returned to inventory,
112-2769640-8028235,1,SELLABLE,MISSED_ESTIMATED_DELIVERY,Unit returned to inventory,
112-2833512-5398647,1,SELLABLE,UNWANTED_ITEM,Unit returned to inventory,
112-2838086-3725835,1,DEFECTIVE,NOT_AS_DESCRIBED,Unit returned to inventory,
112-2844724-6785063,1,DEFECTIVE,APPAREL_TOO_SMALL,Unit returned to inventory,
112-2875606-7859425,1,SELLABLE,APPAREL_STYLE,Unit returned to inventory,
112-2906441-2399451,1,SELLABLE,APPAREL_STYLE,Unit returned to inventory,
112-3034025-1000256,1,CUSTOMER_DAMAGED,UNWANTED_ITEM,Unit returned to inventory,
112-3045955-7685858,1,SELLABLE,FOUND_BETTER_PRICE,Unit returned to inventory,
112-3048822-4543467,1,DEFECTIVE,NOT_AS_DESCRIBED,Unit returned to inventory,
112-3081786-0365042,1,SELLABLE,APPAREL_TOO_SMALL,Unit returned to inventory,
112-3116419-7975434,1,SELLABLE,NOT_AS_DESCRIBED,Unit returned to inventory,
112-3116419-7975434,1,SELLABLE,NOT_AS_DESCRIBED,Unit returned to inventory,
112-3117272-6176228,1,SELLABLE,APPAREL_TOO_LARGE,Unit returned to inventory,
112-3129091-3553034,1,CUSTOMER_DAMAGED,ORDERED_WRONG_ITEM,Unit returned to inventory,
112-3154337-9621006,1,CUSTOMER_DAMAGED,UNWANTED_ITEM,Unit returned to inventory,
112-3217659-4810627,1,SELLABLE,UNWANTED_ITEM,Unit returned to inventory,
112-3217659-4810627,1,SELLABLE,NO_REASON_GIVEN,Unit returned to inventory,
112-3231865-0933035,1,SELLABLE,APPAREL_TOO_SMALL,Unit returned to inventory,
112-3359658-2820214,1,SELLABLE,APPAREL_TOO_SMALL,Unit returned to inventory,
112-3363644-0359418,1,SELLABLE,NOT_AS_DESCRIBED,Unit returned to inventory,
112-3434641-0983469,1,SELLABLE,UNDELIVERABLE_UNKNOWN,Unit returned to inventory,
112-3456823-2925049,1,DEFECTIVE,NO_REASON_GIVEN,Unit returned to inventory,
112-3479295-6412201,1,SELLABLE,APPAREL_TOO_LARGE,Unit returned to inventory,
112-3483335-7844250,1,SELLABLE,ORDERED_WRONG_ITEM,Unit returned to inventory,
112-3498001-5146615,1,SELLABLE,APPAREL_TOO_SMALL,Unit returned to inventory,
112-3512607-5349844,1,SELLABLE,UNWANTED_ITEM,Unit returned to inventory,
112-3514823-1209809,1,SELLABLE,UNWANTED_ITEM,Unit returned to inventory,
112-3534494-7296265,1,SELLABLE,DEFECTIVE,Unit returned to inventory,
112-3534494-7296265,1,SELLABLE,NO_REASON_GIVEN,Unit returned to inventory,
112-3575154-1756257,1,SELLABLE,APPAREL_TOO_SMALL,Unit returned to inventory,
112-3611383-3840233,1,SELLABLE,UNWANTED_ITEM,Unit returned to inventory,
112-3710207-7032221,1,SELLABLE,QUALITY_UNACCEPTABLE,Unit returned to inventory,
112-3765774-6880261,1,SELLABLE,UNWANTED_ITEM,Unit returned to inventory,
112-3902801-5142602,1,SELLABLE,ORDERED_WRONG_ITEM,Unit returned to inventory,
112-3914918-5396264,1,DEFECTIVE,DEFECTIVE,Unit returned to inventory,
112-3915549-9518629,1,DEFECTIVE,SWITCHEROO,Unit returned to inventory,
112-3978403-8428213,1,SELLABLE,NOT_AS_DESCRIBED,Unit returned to inventory,
112-4013622-9551458,1,SELLABLE,ORDERED_WRONG_ITEM,Unit returned to inventory,
112-4090898-4483462,1,SELLABLE,APPAREL_TOO_LARGE,Unit returned to inventory,
112-4092603-0425008,1,SELLABLE,ORDERED_WRONG_ITEM,Unit returned to inventory,
112-4158083-7117824,1,CUSTOMER_DAMAGED,APPAREL_TOO_LARGE,Unit returned to inventory,
112-4216791-7829837,1,SELLABLE,APPAREL_STYLE,Unit returned to inventory,
112-4251637-1303405,1,SELLABLE,APPAREL_TOO_LARGE,Unit returned to inventory,
112-4266648-6913069,1,SELLABLE,UNWANTED_ITEM,Unit returned to inventory,
112-4266648-6913069,1,SELLABLE,UNWANTED_ITEM,Unit returned to inventory,
112-4274109-0693822,1,SELLABLE,MISSED_ESTIMATED_DELIVERY,Unit returned to inventory,
112-4299722-3810623,1,SELLABLE,APPAREL_TOO_SMALL,Unit returned to inventory,
112-4324894-5741819,1,SELLABLE,MISORDERED,Unit returned to inventory,
112-4414210-5047431,1,SELLABLE,DEFECTIVE,Unit returned to inventory,
112-4517223-2877838,1,SELLABLE,NOT_AS_DESCRIBED,Unit returned to inventory,
112-4641855-8779465,1,CUSTOMER_DAMAGED,APPAREL_TOO_SMALL,Unit returned to inventory,
112-4728277-2255428,1,SELLABLE,ORDERED_WRONG_ITEM,Unit returned to inventory,
112-4732253-3211446,1,SELLABLE,UNWANTED_ITEM,Unit returned to inventory,
112-4789811-2650647,1,CUSTOMER_DAMAGED,ORDERED_WRONG_ITEM,Unit returned to inventory,
112-4829266-6124234,1,DAMAGED,SWITCHEROO,Reimbursed,
112-4876573-6613004,1,CUSTOMER_DAMAGED,ORDERED_WRONG_ITEM,Unit returned to inventory,
112-4888777-2392233,1,SELLABLE,UNWANTED_ITEM,Unit returned to inventory,
112-4985248-9302644,1,CUSTOMER_DAMAGED,MISORDERED,Unit returned to inventory,
112-4994613-1430624,1,SELLABLE,APPAREL_TOO_LARGE,Unit returned to inventory,
112-5087056-1945021,1,SELLABLE,DID_NOT_LIKE_FABRIC,Unit returned to inventory,
112-5088416-5827429,1,SELLABLE,APPAREL_TOO_SMALL,Unit returned to inventory,
112-5095111-0669856,1,CUSTOMER_DAMAGED,ORDERED_WRONG_ITEM,Unit returned to inventory,
112-5105594-2409864,1,SELLABLE,APPAREL_TOO_SMALL,Unit returned to inventory,
112-5148884-6285038,1,SELLABLE,APPAREL_TOO_SMALL,Unit returned to inventory,
112-5190607-2311461,1,SELLABLE,APPAREL_TOO_LARGE,Unit returned to inventory,
112-5228510-2313028,1,SELLABLE,UNDELIVERABLE_CARRIER_MISS_SORTED,Unit returned to inventory,
112-5231049-0965843,1,SELLABLE,MISORDERED,Unit returned to inventory,
112-5312664-3523443,1,DEFECTIVE,DEFECTIVE,Unit returned to inventory,
112-5316237-3699448,1,SELLABLE,APPAREL_TOO_SMALL,Unit returned to inventory,
112-5423032-8645858,1,SELLABLE,ORDERED_WRONG_ITEM,Unit returned to inventory,
112-5454482-9769850,1,SELLABLE,UNDELIVERABLE_UNKNOWN,Unit returned to inventory,
112-5463765-1045001,1,DAMAGED,SWITCHEROO,Reimbursed,
112-5504941-6069852,1,SELLABLE,APPAREL_TOO_LARGE,Unit returned to inventory,
112-5522003-4997816,1,DEFECTIVE,NOT_AS_DESCRIBED,Unit returned to inventory,
112-5552706-6234627,1,SELLABLE,NOT_AS_DESCRIBED,Unit returned to inventory,
112-5579185-6846619,1,SELLABLE,NEVER_ARRIVED,Unit returned to inventory,
112-5607779-2922667,1,SELLABLE,APPAREL_TOO_LARGE,Unit returned to inventory,
112-5632739-9205854,1,SELLABLE,UNWANTED_ITEM,Unit returned to inventory,
112-5720045-9098635,1,SELLABLE,NOT_AS_DESCRIBED,Unit returned to inventory,
112-5720045-9098635,1,SELLABLE,NOT_AS_DESCRIBED,Unit returned to inventory,
112-5755556-8637038,1,CARRIER_DAMAGED,ORDERED_WRONG_ITEM,Reimbursed,
112-5807441-8728202,1,SELLABLE,APPAREL_TOO_SMALL,Unit returned to inventory,
112-5898051-0949854,1,SELLABLE,UNWANTED_ITEM,Unit returned to inventory,
112-5906587-9354653,1,CUSTOMER_DAMAGED,NOT_AS_DESCRIBED,Unit returned to inventory,
112-5976604-5989819,1,SELLABLE,APPAREL_TOO_LARGE,Unit returned to inventory,
112-5999050-6164216,1,SELLABLE,APPAREL_TOO_SMALL,Unit returned to inventory,
112-6024274-9025060,1,SELLABLE,APPAREL_TOO_LARGE,Unit returned to inventory,
112-6078332-2217859,1,SELLABLE,SWITCHEROO,Unit returned to inventory,
112-6087882-1944259,1,SELLABLE,UNWANTED_ITEM,Unit returned to inventory,
112-6131106-1789005,1,CUSTOMER_DAMAGED,APPAREL_TOO_SMALL,Unit returned to inventory,
112-6171751-9644230,1,SELLABLE,APPAREL_TOO_LARGE,Unit returned to inventory,
112-6333396-5978645,1,SELLABLE,APPAREL_TOO_SMALL,Unit returned to inventory,
112-6351430-6748205,1,SELLABLE,APPAREL_TOO_SMALL,Unit returned to inventory,
112-6378954-3008261,1,SELLABLE,ORDERED_WRONG_ITEM,Unit returned to inventory,
112-6445813-3106642,1,SELLABLE,APPAREL_STYLE,Unit returned to inventory,
112-6447671-5886659,1,SELLABLE,APPAREL_TOO_SMALL,Unit returned to inventory,
112-6538186-1169030,1,SELLABLE,APPAREL_TOO_LARGE,Unit returned to inventory,
112-6614114-1633045,1,CUSTOMER_DAMAGED,SWITCHEROO,Unit returned to inventory,
112-6614443-9929858,1,SELLABLE,APPAREL_TOO_LARGE,Unit returned to inventory,
112-6633108-5753849,1,DEFECTIVE,NOT_AS_DESCRIBED,Unit returned to inventory,
112-6675284-8121056,1,SELLABLE,MISORDERED,Unit returned to inventory,
112-6684790-6074629,1,SELLABLE,NO_REASON_GIVEN,Unit returned to inventory,
112-6906215-8051430,1,SELLABLE,APPAREL_TOO_SMALL,Unit returned to inventory,
112-6983166-3494666,1,SELLABLE,DID_NOT_LIKE_COLOR,Unit returned to inventory,
112-6983800-8853024,1,SELLABLE,NOT_AS_DESCRIBED,Unit returned to inventory,
112-7046397-8822620,1,SELLABLE,APPAREL_STYLE,Unit returned to inventory,
112-7120214-5879461,1,CUSTOMER_DAMAGED,ORDERED_WRONG_ITEM,Unit returned to inventory,
112-7166341-0914617,1,SELLABLE,UNWANTED_ITEM,Unit returned to inventory,
112-7251502-6191424,1,SELLABLE,APPAREL_TOO_LARGE,Unit returned to inventory,
112-7265289-4185825,1,CUSTOMER_DAMAGED,UNWANTED_ITEM,Unit returned to inventory,
112-7372868-1860247,1,SELLABLE,APPAREL_TOO_SMALL,Unit returned to inventory,
112-7422198-2058624,1,SELLABLE,MISORDERED,Unit returned to inventory,
112-7509470-4653007,1,SELLABLE,ORDERED_WRONG_ITEM,Unit returned to inventory,
112-7538211-7245820,1,DAMAGED,SWITCHEROO,Reimbursed,
112-7632145-6151409,1,SELLABLE,APPAREL_TOO_SMALL,Unit returned to inventory,
112-7636120-0215419,1,SELLABLE,APPAREL_TOO_SMALL,Unit returned to inventory,
112-7667852-8546638,1,DEFECTIVE,DEFECTIVE,Unit returned to inventory,
112-7679366-3733853,1,SELLABLE,QUALITY_UNACCEPTABLE,Unit returned to inventory,
112-7690282-3403400,1,SELLABLE,APPAREL_TOO_SMALL,Unit returned to inventory,
112-7691224-4313052,1,SELLABLE,APPAREL_STYLE,Unit returned to inventory,
112-7730947-5046645,1,SELLABLE,APPAREL_TOO_SMALL,Unit returned to inventory,
112-7774744-0937002,1,SELLABLE,MISORDERED,Unit returned to inventory,
112-7820956-5441017,1,CUSTOMER_DAMAGED,NOT_AS_DESCRIBED,Unit returned to inventory,
112-7837440-8634633,1,DEFECTIVE,DEFECTIVE,Unit returned to inventory,
112-7910028-2453803,1,SELLABLE,APPAREL_TOO_LARGE,Unit returned to inventory,
112-7913905-4502652,1,CUSTOMER_DAMAGED,DEFECTIVE,Unit returned to inventory,
112-7932773-2794606,1,SELLABLE,MISORDERED,Unit returned to inventory,
112-8022138-8756215,1,CUSTOMER_DAMAGED,APPAREL_TOO_LARGE,Unit returned to inventory,
112-8124182-0240246,1,CUSTOMER_DAMAGED,DEFECTIVE,Unit returned to inventory,
112-8165134-2572218,1,SELLABLE,DID_NOT_LIKE_COLOR,Unit returned to inventory,
112-8197545-4481022,1,DEFECTIVE,DEFECTIVE,Unit returned to inventory,
112-8278800-4988225,1,SELLABLE,MISORDERED,Unit returned to inventory,
112-8386953-2069030,1,SELLABLE,UNWANTED_ITEM,Unit returned to inventory,
112-8426209-0542663,1,SELLABLE,MISORDERED,Unit returned to inventory,
112-8447596-7604256,1,SELLABLE,MISORDERED,Unit returned to inventory,
112-8447596-7604256,1,SELLABLE,NO_REASON_GIVEN,Unit returned to inventory,
112-8531178-1034644,1,SELLABLE,FOUND_BETTER_PRICE,Unit returned to inventory,
112-8536547-3708241,1,CUSTOMER_DAMAGED,FOUND_BETTER_PRICE,Unit returned to inventory,
112-8563545-4615435,1,SELLABLE,APPAREL_TOO_SMALL,Unit returned to inventory,
112-8574796-8480251,1,SELLABLE,NOT_COMPATIBLE,Unit returned to inventory,
112-8619189-9768225,1,SELLABLE,UNWANTED_ITEM,Unit returned to inventory,
112-8630517-6036247,1,SELLABLE,APPAREL_STYLE,Unit returned to inventory,
112-8630517-6036247,1,SELLABLE,APPAREL_STYLE,Unit returned to inventory,
112-8634101-7173868,1,SELLABLE,ORDERED_WRONG_ITEM,Unit returned to inventory,
112-8640768-9864213,1,SELLABLE,UNWANTED_ITEM,Unit returned to inventory,
112-8782630-1445841,1,SELLABLE,ORDERED_WRONG_ITEM,Unit returned to inventory,
112-8863225-0737847,1,SELLABLE,APPAREL_TOO_LARGE,Unit returned to inventory,
112-9048068-9699440,1,SELLABLE,UNWANTED_ITEM,Unit returned to inventory,
112-9085451-5707444,1,CUSTOMER_DAMAGED,APPAREL_TOO_LARGE,Unit returned to inventory,
112-9091970-1942654,1,SELLABLE,DEFECTIVE,Unit returned to inventory,
112-9116601-3669016,1,CUSTOMER_DAMAGED,NOT_AS_DESCRIBED,Unit returned to inventory,
112-9116886-2241853,1,SELLABLE,APPAREL_STYLE,Unit returned to inventory,
112-9178591-2883459,1,SELLABLE,UNWANTED_ITEM,Unit returned to inventory,
112-9181169-3047423,1,SELLABLE,APPAREL_TOO_SMALL,Unit returned to inventory,
112-9192113-0661862,1,SELLABLE,NOT_AS_DESCRIBED,Unit returned to inventory,
112-9195763-4361068,1,SELLABLE,UNWANTED_ITEM,Unit returned to inventory,
112-9278746-6849844,1,SELLABLE,ORDERED_WRONG_ITEM,Unit returned to inventory,
112-9303449-1107434,1,SELLABLE,SWITCHEROO,Unit returned to inventory,
112-9349866-3630652,1,SELLABLE,APPAREL_TOO_SMALL,Unit returned to inventory,
112-9377772-9861862,1,SELLABLE,APPAREL_STYLE,Unit returned to inventory,
112-9396580-5614615,1,SELLABLE,APPAREL_TOO_LARGE,Unit returned to inventory,
112-9418460-8899412,1,SELLABLE,APPAREL_STYLE,Unit returned to inventory,
112-9436347-5033053,1,CUSTOMER_DAMAGED,ORDERED_WRONG_ITEM,Unit returned to inventory,
112-9437178-1847409,1,SELLABLE,UNWANTED_ITEM,Unit returned to inventory,
112-9455802-6573831,1,CUSTOMER_DAMAGED,SWITCHEROO,Unit returned to inventory,
112-9472829-3098633,1,SELLABLE,MISSED_ESTIMATED_DELIVERY,Unit returned to inventory,
112-9497842-1074639,1,SELLABLE,APPAREL_STYLE,Unit returned to inventory,
112-9514796-4132210,1,SELLABLE,ORDERED_WRONG_ITEM,Unit returned to inventory,
112-9532656-8011454,1,SELLABLE,APPAREL_TOO_SMALL,Unit returned to inventory,
112-9572973-1155457,1,SELLABLE,APPAREL_STYLE,Unit returned to inventory,
112-9583748-1422629,1,SELLABLE,UNWANTED_ITEM,Unit returned to inventory,
112-9706625-5859463,1,SELLABLE,DEFECTIVE,Unit returned to inventory,
112-9742834-6733011,1,SELLABLE,APPAREL_STYLE,Unit returned to inventory,
112-9746320-7643426,1,SELLABLE,APPAREL_STYLE,Unit returned to inventory,
112-9802929-2209049,1,CUSTOMER_DAMAGED,DEFECTIVE,Unit returned to inventory,
112-9888605-7235427,1,DEFECTIVE,NOT_AS_DESCRIBED,Unit returned to inventory,
112-9906906-3839429,1,DEFECTIVE,DEFECTIVE,Unit returned to inventory,
113-0007532-1429071,1,SELLABLE,DID_NOT_LIKE_COLOR,Unit returned to inventory,
113-0007532-1429071,1,SELLABLE,UNWANTED_ITEM,Unit returned to inventory,
113-0007532-1429071,1,SELLABLE,DID_NOT_LIKE_COLOR,Unit returned to inventory,
113-0065803-9445068,1,CUSTOMER_DAMAGED,NOT_AS_DESCRIBED,Unit returned to inventory,
113-0094784-9942668,1,SELLABLE,APPAREL_TOO_LARGE,Unit returned to inventory,
113-0112544-5039402,1,SELLABLE,APPAREL_TOO_SMALL,Unit returned to inventory,
113-0208552-8956226,1,DEFECTIVE,DEFECTIVE,Unit returned to inventory,
113-0220514-3691462,1,SELLABLE,APPAREL_TOO_SMALL,Unit returned to inventory,
113-0220617-9338676,1,SELLABLE,APPAREL_TOO_SMALL,Unit returned to inventory,
113-0227574-0479464,1,SELLABLE,APPAREL_TOO_LARGE,Unit returned to inventory,
113-0247240-5621075,1,CARRIER_DAMAGED,SWITCHEROO,Reimbursed,
113-0276119-1398622,1,CUSTOMER_DAMAGED,ORDERED_WRONG_ITEM,Unit returned to inventory,
113-0319237-5421812,1,SELLABLE,DEFECTIVE,Unit returned to inventory,
113-0364766-0797016,1,SELLABLE,MISSED_ESTIMATED_DELIVERY,Unit returned to inventory,
113-0368930-3679441,1,SELLABLE,APPAREL_TOO_SMALL,Unit returned to inventory,
113-0375644-7286652,1,SELLABLE,MISSED_ESTIMATED_DELIVERY,Unit returned to inventory,
113-0393886-9877817,1,SELLABLE,SWITCHEROO,Unit returned to inventory,
113-0420365-5417833,1,SELLABLE,APPAREL_TOO_SMALL,Unit returned to inventory,
113-0474830-0761834,1,SELLABLE,ORDERED_WRONG_ITEM,Unit returned to inventory,
113-0490035-1350652,1,SELLABLE,MISSED_ESTIMATED_DELIVERY,Unit returned to inventory,
113-0510564-2859440,1,SELLABLE,APPAREL_TOO_SMALL,Unit returned to inventory,
113-0511723-3719454,1,CUSTOMER_DAMAGED,UNWANTED_ITEM,Repackaged Successfully,
113-0588163-2812246,1,CUSTOMER_DAMAGED,NOT_AS_DESCRIBED,Unit returned to inventory,
113-0642108-0349869,1,SELLABLE,APPAREL_STYLE,Unit returned to inventory,
113-0714063-0088209,1,SELLABLE,APPAREL_TOO_SMALL,Unit returned to inventory,
113-0714437-3710661,1,SELLABLE,MISORDERED,Unit returned to inventory,
113-0736045-3837831,1,SELLABLE,APPAREL_STYLE,Unit returned to inventory,
113-0759165-7745022,1,CUSTOMER_DAMAGED,ORDERED_WRONG_ITEM,Unit returned to inventory,
113-0805442-6319416,1,SELLABLE,NO_REASON_GIVEN,Unit returned to inventory,
113-0902337-0865861,1,SELLABLE,ORDERED_WRONG_ITEM,Unit returned to inventory,
113-1005158-9953803,1,SELLABLE,MISORDERED,Unit returned to inventory,
113-1062643-9389822,1,SELLABLE,NOT_AS_DESCRIBED,Unit returned to inventory,
113-1066924-1536249,1,SELLABLE,UNWANTED_ITEM,Unit returned to inventory,
113-1163673-7829865,1,CUSTOMER_DAMAGED,APPAREL_TOO_SMALL,Unit returned to inventory,
113-1166847-4784238,1,SELLABLE,NOT_AS_DESCRIBED,Unit returned to inventory,
113-1225253-8304268,1,CUSTOMER_DAMAGED,APPAREL_TOO_SMALL,Unit returned to inventory,
113-1228595-8466647,1,CUSTOMER_DAMAGED,NOT_AS_DESCRIBED,Unit returned to inventory,
113-1272587-0378654,1,SELLABLE,APPAREL_TOO_SMALL,Unit returned to inventory,
113-1300702-8055461,1,SELLABLE,APPAREL_TOO_LARGE,Unit returned to inventory,
113-1338165-3514629,1,SELLABLE,APPAREL_TOO_SMALL,Unit returned to inventory,
113-1482747-2355447,1,SELLABLE,APPAREL_STYLE,Unit returned to inventory,
113-1501358-3336237,1,SELLABLE,APPAREL_TOO_LARGE,Unit returned to inventory,
113-1509312-6525821,1,SELLABLE,NO_REASON_GIVEN,Unit returned to inventory,
113-1520834-3709829,1,SELLABLE,DEFECTIVE,Unit returned to inventory,
113-1591406-8071422,1,SELLABLE,NOT_AS_DESCRIBED,Unit returned to inventory,
113-1595011-9209022,1,SELLABLE,ORDERED_WRONG_ITEM,Unit returned to inventory,
113-1602397-9171441,1,SELLABLE,APPAREL_STYLE,Unit returned to inventory,
113-1667770-2730650,1,SELLABLE,ORDERED_WRONG_ITEM,Unit returned to inventory,
113-1748110-6382642,1,SELLABLE,APPAREL_TOO_SMALL,Unit returned to inventory,
113-1790745-8371458,1,DEFECTIVE,DEFECTIVE,Unit returned to inventory,
113-1828759-6264243,1,SELLABLE,UNWANTED_ITEM,Unit returned to inventory,
113-1912026-9579406,1,SELLABLE,APPAREL_TOO_SMALL,Unit returned to inventory,
113-1956619-3117815,1,SELLABLE,APPAREL_TOO_SMALL,Unit returned to inventory,
113-1991286-6349035,1,SELLABLE,APPAREL_TOO_LARGE,Unit returned to inventory,
113-1991286-6349035,1,SELLABLE,APPAREL_TOO_SMALL,Unit returned to inventory,
113-2007653-0584224,1,SELLABLE,NOT_AS_DESCRIBED,Unit returned to inventory,
113-2057462-9752214,1,DEFECTIVE,APPAREL_TOO_LARGE,Unit returned to inventory,
113-2110920-6901052,1,SELLABLE,APPAREL_TOO_SMALL,Unit returned to inventory,
113-2129375-6948266,1,SELLABLE,APPAREL_TOO_SMALL,Unit returned to inventory,
113-2153448-2034657,1,SELLABLE,APPAREL_TOO_SMALL,Unit returned to inventory,
113-2202429-0427443,1,SELLABLE,NOT_AS_DESCRIBED,Unit returned to inventory,
113-2206202-3895469,1,CUSTOMER_DAMAGED,MISORDERED,Unit returned to inventory,
113-2218994-1705063,1,SELLABLE,UNWANTED_ITEM,Unit returned to inventory,
113-2240814-8811463,1,SELLABLE,NO_REASON_GIVEN,Unit returned to inventory,
113-2266040-7793059,1,DEFECTIVE,DEFECTIVE,Unit returned to inventory,
113-2278869-2397015,1,SELLABLE,APPAREL_STYLE,Unit returned to inventory,
113-2278869-2397015,1,SELLABLE,NO_REASON_GIVEN,Unit returned to inventory,
113-2334852-0135414,1,SELLABLE,APPAREL_TOO_LARGE,Unit returned to inventory,
113-2335878-5044239,1,SELLABLE,ORDERED_WRONG_ITEM,Unit returned to inventory,
113-2435986-6591403,1,SELLABLE,SWITCHEROO,Unit returned to inventory,
113-2435986-6591403,1,SELLABLE,SWITCHEROO,Unit returned to inventory,
113-2463900-9943452,1,SELLABLE,APPAREL_TOO_SMALL,Unit returned to inventory,
113-2484363-1635434,1,CUSTOMER_DAMAGED,NOT_AS_DESCRIBED,Unit returned to inventory,
113-2484363-1635434,1,CUSTOMER_DAMAGED,NO_REASON_GIVEN,Unit returned to inventory,
113-2484363-1635434,1,SELLABLE,NOT_AS_DESCRIBED,Unit returned to inventory,
113-2517982-6641057,1,SELLABLE,MISORDERED,Unit returned to inventory,
113-2588299-9137013,1,SELLABLE,UNWANTED_ITEM,Unit returned to inventory,
113-2588299-9137013,1,SELLABLE,UNWANTED_ITEM,Unit returned to inventory,
113-2616998-8133056,1,SELLABLE,APPAREL_TOO_SMALL,Unit returned to inventory,
113-2663910-2141804,1,SELLABLE,MISORDERED,Unit returned to inventory,
113-2715882-9142624,1,CUSTOMER_DAMAGED,APPAREL_TOO_SMALL,Unit returned to inventory,
113-2715911-0457853,1,CUSTOMER_DAMAGED,UNWANTED_ITEM,Unit returned to inventory,
113-2832821-9585855,1,SELLABLE,SWITCHEROO,Unit returned to inventory,
113-2876083-3444213,1,DEFECTIVE,DEFECTIVE,Unit returned to inventory,
113-2889893-8374654,1,CUSTOMER_DAMAGED,ORDERED_WRONG_ITEM,Unit returned to inventory,
113-2929414-7527426,1,CUSTOMER_DAMAGED,NOT_AS_DESCRIBED,Unit returned to inventory,
113-2937351-7069008,1,CUSTOMER_DAMAGED,UNWANTED_ITEM,Unit returned to inventory,
113-3051987-2442631,1,SELLABLE,NOT_AS_DESCRIBED,Unit returned to inventory,
113-3102038-9146649,1,SELLABLE,APPAREL_TOO_LARGE,Unit returned to inventory,
113-3212639-5339403,1,SELLABLE,NOT_AS_DESCRIBED,Unit returned to inventory,
113-3212639-5339403,1,SELLABLE,NOT_AS_DESCRIBED,Unit returned to inventory,
113-3304153-0456248,1,CUSTOMER_DAMAGED,UNWANTED_ITEM,Unit returned to inventory,
113-3306641-7977060,1,SELLABLE,APPAREL_TOO_SMALL,Unit returned to inventory,
113-3380447-7908217,1,SELLABLE,APPAREL_TOO_LARGE,Unit returned to inventory,
113-3392372-8931404,1,SELLABLE,APPAREL_TOO_SMALL,Unit returned to inventory,
113-3392372-8931404,1,SELLABLE,ORDERED_WRONG_ITEM,Unit returned to inventory,
113-3490234-9646621,1,SELLABLE,APPAREL_TOO_LARGE,Unit returned to inventory,
113-3490234-9646621,1,SELLABLE,APPAREL_TOO_LARGE,Unit returned to inventory,
113-3511817-6621866,1,CARRIER_DAMAGED,ORDERED_WRONG_ITEM,Reimbursed,
113-3562256-5282659,1,CUSTOMER_DAMAGED,MISSED_ESTIMATED_DELIVERY,Unit returned to inventory,
113-3624919-0789030,1,SELLABLE,ORDERED_WRONG_ITEM,Unit returned to inventory,
113-3630817-2769068,1,SELLABLE,ORDERED_WRONG_ITEM,Unit returned to inventory,
113-3750599-7516205,1,SELLABLE,ORDERED_WRONG_ITEM,Unit returned to inventory,
113-3803919-7933830,1,SELLABLE,APPAREL_STYLE,Unit returned to inventory,
113-3803919-7933830,1,SELLABLE,APPAREL_STYLE,Unit returned to inventory,
113-3834411-4505851,1,SELLABLE,APPAREL_TOO_SMALL,Unit returned to inventory,
113-3839066-3662606,1,SELLABLE,UNWANTED_ITEM,Unit returned to inventory,
113-3850897-1249848,1,SELLABLE,APPAREL_STYLE,Unit returned to inventory,
113-3956111-7454636,1,SELLABLE,DID_NOT_LIKE_COLOR,Unit returned to inventory,
113-3958957-0625062,1,SELLABLE,APPAREL_TOO_LARGE,Unit returned to inventory,
113-4156664-7900250,1,SELLABLE,UNWANTED_ITEM,Unit returned to inventory,
113-4177480-6901061,1,CUSTOMER_DAMAGED,FOUND_BETTER_PRICE,Unit returned to inventory,
113-4266029-4847425,1,SELLABLE,APPAREL_TOO_SMALL,Unit returned to inventory,
113-4272657-2537060,1,SELLABLE,MISORDERED,Unit returned to inventory,
113-4298382-0105061,1,SELLABLE,APPAREL_TOO_LARGE,Unit returned to inventory,
113-4328437-2722605,1,SELLABLE,MISORDERED,Unit returned to inventory,
113-4411937-9820236,1,SELLABLE,APPAREL_TOO_LARGE,Unit returned to inventory,
113-4493690-5980201,1,DEFECTIVE,NOT_AS_DESCRIBED,Unit returned to inventory,
113-4527085-1102629,1,SELLABLE,UNDELIVERABLE_UNKNOWN,Unit returned to inventory,
113-4527904-9059445,1,SELLABLE,DEFECTIVE,Unit returned to inventory,
113-4527904-9059445,1,SELLABLE,DEFECTIVE,Unit returned to inventory,
113-4570778-7931461,1,SELLABLE,MISORDERED,Unit returned to inventory,
113-4591475-6457856,1,CUSTOMER_DAMAGED,DEFECTIVE,Unit returned to inventory,
113-4619805-6140246,1,SELLABLE,ORDERED_WRONG_ITEM,Unit returned to inventory,
113-4759665-7235445,1,SELLABLE,MISORDERED,Unit returned to inventory,
113-4762623-5309063,1,SELLABLE,APPAREL_TOO_LARGE,Unit returned to inventory,
113-4788312-1228258,1,SELLABLE,APPAREL_TOO_SMALL,Unit returned to inventory,
113-4804074-3012230,1,CUSTOMER_DAMAGED,UNWANTED_ITEM,Unit returned to inventory,
113-4826397-9146652,1,SELLABLE,UNWANTED_ITEM,Unit returned to inventory,
113-4861534-3822655,1,CUSTOMER_DAMAGED,SWITCHEROO,Unit returned to inventory,
113-5002395-5577846,1,SELLABLE,UNWANTED_ITEM,Unit returned to inventory,
113-5033681-9082639,1,SELLABLE,UNWANTED_ITEM,Unit returned to inventory,
113-5046919-3034635,1,DEFECTIVE,NOT_AS_DESCRIBED,Unit returned to inventory,
113-5068257-0792220,1,SELLABLE,ORDERED_WRONG_ITEM,Unit returned to inventory,
113-5074650-4629031,1,SELLABLE,APPAREL_TOO_LARGE,Unit returned to inventory,
113-5090241-6173822,1,DEFECTIVE,DEFECTIVE,Unit returned to inventory,
113-5106655-3261865,1,CUSTOMER_DAMAGED,APPAREL_TOO_LARGE,Unit returned to inventory,
113-5165843-3293028,1,SELLABLE,APPAREL_STYLE,Unit returned to inventory,
113-5180319-6493033,1,SELLABLE,APPAREL_TOO_LARGE,Unit returned to inventory,
113-5241197-5545805,1,SELLABLE,NO_REASON_GIVEN,Unit returned to inventory,
113-5344101-7862619,1,CUSTOMER_DAMAGED,MISORDERED,Repackaged Successfully,
113-5453245-8055411,1,SELLABLE,UNWANTED_ITEM,Unit returned to inventory,
113-5495357-5825048,1,SELLABLE,MISSED_ESTIMATED_DELIVERY,Unit returned to inventory,
113-5519923-4189836,1,SELLABLE,UNWANTED_ITEM,Unit returned to inventory,
113-5604549-9705803,1,SELLABLE,SWITCHEROO,Unit returned to inventory,
113-5608127-2236231,1,SELLABLE,APPAREL_TOO_SMALL,Unit returned to inventory,
113-5654641-7046641,1,CUSTOMER_DAMAGED,SWITCHEROO,Unit returned to inventory,
113-5670294-9540217,1,CUSTOMER_DAMAGED,NOT_AS_DESCRIBED,Unit returned to inventory,
113-5685141-3810604,1,CUSTOMER_DAMAGED,UNWANTED_ITEM,Unit returned to inventory,
113-5785724-4678641,1,SELLABLE,APPAREL_TOO_SMALL,Unit returned to inventory,
113-5816707-0119425,1,SELLABLE,APPAREL_TOO_LARGE,Unit returned to inventory,
113-5816707-0119425,1,SELLABLE,NO_REASON_GIVEN,Unit returned to inventory,
113-5856738-5965047,1,DEFECTIVE,FOUND_BETTER_PRICE,Unit returned to inventory,
113-5898583-9848252,1,CUSTOMER_DAMAGED,APPAREL_TOO_LARGE,Unit returned to inventory,
113-5976904-6487453,1,CUSTOMER_DAMAGED,ORDERED_WRONG_ITEM,Unit returned to inventory,
113-6044326-2837065,1,SELLABLE,APPAREL_TOO_SMALL,Unit returned to inventory,
113-6053836-8325003,1,CUSTOMER_DAMAGED,MISSED_ESTIMATED_DELIVERY,Unit returned to inventory,
113-6072822-8796256,1,SELLABLE,UNDELIVERABLE_UNKNOWN,Unit returned to inventory,
113-6147864-6651449,1,DEFECTIVE,DEFECTIVE,Unit returned to inventory,
113-6182917-0569833,1,DEFECTIVE,DEFECTIVE,Unit returned to inventory,
113-6247128-5389854,1,SELLABLE,SWITCHEROO,Unit returned to inventory,
113-6290499-2285016,1,SELLABLE,APPAREL_TOO_LARGE,Unit returned to inventory,
113-6324162-6379424,1,SELLABLE,APPAREL_TOO_LARGE,Unit returned to inventory,
113-6377285-4714635,1,CUSTOMER_DAMAGED,APPAREL_TOO_SMALL,Unit returned to inventory,
113-6385366-2039464,1,SELLABLE,APPAREL_STYLE,Unit returned to inventory,
113-6386431-2904222,1,SELLABLE,APPAREL_TOO_LARGE,Unit returned to inventory,
113-6393784-5148203,1,SELLABLE,DEFECTIVE,Unit returned to inventory,
113-6413165-2793869,1,CUSTOMER_DAMAGED,UNWANTED_ITEM,Unit returned to inventory,
113-6460895-5158624,1,SELLABLE,FOUND_BETTER_PRICE,Unit returned to inventory,
113-6464316-4087465,1,DEFECTIVE,DEFECTIVE,Unit returned to inventory,
113-6485589-5648231,1,SELLABLE,UNWANTED_ITEM,Unit returned to inventory,
113-6496019-3717007,1,SELLABLE,NOT_AS_DESCRIBED,Unit returned to inventory,
113-6542919-4620223,1,SELLABLE,MISORDERED,Unit returned to inventory,
113-6649413-9412268,1,SELLABLE,UNWANTED_ITEM,Unit returned to inventory,
113-6664744-4731404,1,CUSTOMER_DAMAGED,APPAREL_STYLE,Repackaged Successfully,
113-6790216-0835457,1,DEFECTIVE,MISORDERED,Unit returned to inventory,
113-6795630-7825068,1,SELLABLE,NOT_AS_DESCRIBED,Unit returned to inventory,
113-6824557-5494647,1,CARRIER_DAMAGED,DAMAGED_BY_CARRIER,Reimbursed,
113-6842744-0469809,1,CUSTOMER_DAMAGED,UNWANTED_ITEM,Unit returned to inventory,
113-6869038-0322660,1,SELLABLE,APPAREL_TOO_SMALL,Unit returned to inventory,
113-6889444-1158605,1,SELLABLE,APPAREL_TOO_SMALL,Unit returned to inventory,
113-6889444-1158605,1,SELLABLE,APPAREL_TOO_SMALL,Unit returned to inventory,
113-7114389-5877019,1,SELLABLE,UNWANTED_ITEM,Unit returned to inventory,
113-7123859-8264222,1,SELLABLE,APPAREL_TOO_LARGE,Unit returned to inventory,
113-7263070-1383461,1,SELLABLE,NO_REASON_GIVEN,Unit returned to inventory,
113-7269362-9611401,1,SELLABLE,ORDERED_WRONG_ITEM,Unit returned to inventory,
113-7319242-9040216,1,CUSTOMER_DAMAGED,NOT_AS_DESCRIBED,Unit returned to inventory,
113-7365892-2602662,1,SELLABLE,APPAREL_TOO_SMALL,Unit returned to inventory,
113-7382694-7979465,1,SELLABLE,ORDERED_WRONG_ITEM,Unit returned to inventory,
113-7517867-2860251,1,CUSTOMER_DAMAGED,APPAREL_STYLE,Unit returned to inventory,
113-7533968-4568233,1,SELLABLE,APPAREL_TOO_LARGE,Unit returned to inventory,
113-7615637-4791462,1,SELLABLE,UNWANTED_ITEM,Unit returned to inventory,
113-7630577-4029038,1,SELLABLE,NOT_AS_DESCRIBED,Unit returned to inventory,
113-7681424-8368248,1,CUSTOMER_DAMAGED,ORDERED_WRONG_ITEM,Unit returned to inventory,
113-7872876-8568226,1,SELLABLE,APPAREL_TOO_LARGE,Unit returned to inventory,
113-7886833-9241065,1,SELLABLE,MISORDERED,Unit returned to inventory,
113-7908787-0122608,1,SELLABLE,UNDELIVERABLE_UNKNOWN,Unit returned to inventory,
113-7979292-9467429,1,SELLABLE,APPAREL_STYLE,Unit returned to inventory,
113-8009515-3005823,1,SELLABLE,NO_REASON_GIVEN,Unit returned to inventory,
113-8047143-1025003,1,SELLABLE,APPAREL_TOO_SMALL,Unit returned to inventory,
113-8051089-6533061,1,SELLABLE,DEFECTIVE,Unit returned to inventory,
113-8063059-5129816,1,SELLABLE,MISORDERED,Unit returned to inventory,
113-8101145-7956253,1,SELLABLE,APPAREL_TOO_SMALL,Unit returned to inventory,
113-8193719-4621814,1,SELLABLE,UNWANTED_ITEM,Unit returned to inventory,
113-8328115-8316242,1,SELLABLE,UNWANTED_ITEM,Unit returned to inventory,
113-8371236-9665857,1,SELLABLE,APPAREL_TOO_SMALL,Unit returned to inventory,
113-8375059-7773018,1,SELLABLE,APPAREL_TOO_SMALL,Unit returned to inventory,
113-8430267-4388210,1,SELLABLE,NO_REASON_GIVEN,Unit returned to inventory,
113-8459363-9214658,1,DEFECTIVE,DEFECTIVE,Unit returned to inventory,
113-8463010-3617837,1,SELLABLE,DID_NOT_LIKE_FABRIC,Unit returned to inventory,
113-8464178-9567409,1,SELLABLE,UNWANTED_ITEM,Unit returned to inventory,
113-8464178-9567409,1,SELLABLE,UNWANTED_ITEM,Unit returned to inventory,
113-8577617-8828215,1,CUSTOMER_DAMAGED,ORDERED_WRONG_ITEM,Repackaged Successfully,
113-8591504-0895424,1,SELLABLE,UNWANTED_ITEM,Unit returned to inventory,
113-8621242-8887401,1,DEFECTIVE,NOT_AS_DESCRIBED,Unit returned to inventory,
113-8634415-6768236,1,SELLABLE,MISORDERED,Unit returned to inventory,
113-8658020-1603428,1,SELLABLE,APPAREL_STYLE,Unit returned to inventory,
113-8698379-0206627,1,SELLABLE,MISSED_ESTIMATED_DELIVERY,Unit returned to inventory,
113-8717719-0145860,1,CUSTOMER_DAMAGED,APPAREL_TOO_SMALL,Unit returned to inventory,
113-8750220-3896239,1,CUSTOMER_DAMAGED,APPAREL_TOO_SMALL,Unit returned to inventory,
113-8783108-6045835,1,SELLABLE,SWITCHEROO,Unit returned to inventory,
113-8832327-0593834,1,CUSTOMER_DAMAGED,UNWANTED_ITEM,Unit returned to inventory,
113-8834136-8250653,1,SELLABLE,APPAREL_STYLE,Unit returned to inventory,
113-8838217-7065825,1,SELLABLE,NO_REASON_GIVEN,Unit returned to inventory,
113-8838217-7065825,1,SELLABLE,NOT_AS_DESCRIBED,Unit returned to inventory,
113-8847000-7354622,1,SELLABLE,ORDERED_WRONG_ITEM,Unit returned to inventory,
113-9005416-1286610,1,SELLABLE,MISSED_ESTIMATED_DELIVERY,Unit returned to inventory,
113-9076884-6081822,1,SELLABLE,APPAREL_STYLE,Unit returned to inventory,
113-9118296-8549843,1,SELLABLE,APPAREL_TOO_LARGE,Unit returned to inventory,
113-9120645-5010618,1,SELLABLE,APPAREL_STYLE,Unit returned to inventory,
113-9144990-7381049,1,SELLABLE,APPAREL_TOO_SMALL,Unit returned to inventory,
113-9183509-4329025,1,SELLABLE,NO_REASON_GIVEN,Unit returned to inventory,
113-9183509-4329025,1,SELLABLE,APPAREL_TOO_SMALL,Unit returned to inventory,
113-9204400-5625867,1,SELLABLE,NOT_AS_DESCRIBED,Unit returned to inventory,
113-9221704-9296209,1,CUSTOMER_DAMAGED,APPAREL_TOO_LARGE,Repackaged Successfully,
113-9222435-9269829,1,SELLABLE,APPAREL_TOO_SMALL,Unit returned to inventory,
113-9222435-9269829,1,SELLABLE,APPAREL_TOO_SMALL,Unit returned to inventory,
113-9263585-3433846,1,SELLABLE,UNDELIVERABLE_UNCLAIMED,Unit returned to inventory,
113-9269075-1233001,1,SELLABLE,DEFECTIVE,Unit returned to inventory,
113-9272231-5119408,1,SELLABLE,APPAREL_TOO_LARGE,Unit returned to inventory,
113-9288287-1647428,1,SELLABLE,APPAREL_TOO_LARGE,Unit returned to inventory,
113-9291280-3009832,1,SELLABLE,NOT_AS_DESCRIBED,Unit returned to inventory,
113-9291684-2206665,1,SELLABLE,UNWANTED_ITEM,Unit returned to inventory,
113-9309554-5600201,1,CUSTOMER_DAMAGED,APPAREL_STYLE,Unit returned to inventory,
113-9373475-9159400,1,SELLABLE,ORDERED_WRONG_ITEM,Unit returned to inventory,
113-9383748-2136217,1,SELLABLE,APPAREL_TOO_LARGE,Unit returned to inventory,
113-9383748-2136217,1,SELLABLE,APPAREL_TOO_LARGE,Unit returned to inventory,
113-9385531-5327435,1,CUSTOMER_DAMAGED,APPAREL_STYLE,Unit returned to inventory,
113-9431662-4193841,1,SELLABLE,APPAREL_TOO_SMALL,Unit returned to inventory,
113-9440260-0109062,1,SELLABLE,ORDERED_WRONG_ITEM,Unit returned to inventory,
113-9443881-3269806,1,SELLABLE,APPAREL_TOO_LARGE,Unit returned to inventory,
113-9487382-0295420,1,CUSTOMER_DAMAGED,UNWANTED_ITEM,Unit returned to inventory,
113-9548048-2738633,1,CUSTOMER_DAMAGED,NOT_AS_DESCRIBED,Unit returned to inventory,
113-9564907-3745855,1,SELLABLE,DID_NOT_LIKE_FABRIC,Unit returned to inventory,
113-9592280-6147446,1,CUSTOMER_DAMAGED,UNWANTED_ITEM,Unit returned to inventory,
113-9593440-2157808,1,SELLABLE,APPAREL_TOO_SMALL,Unit returned to inventory,
113-9620783-4958640,1,CUSTOMER_DAMAGED,APPAREL_STYLE,Unit returned to inventory,
113-9782635-8239441,1,SELLABLE,NEVER_ARRIVED,Unit returned to inventory,
113-9815905-0568268,1,SELLABLE,UNWANTED_ITEM,Unit returned to inventory,
113-9818902-6409004,1,SELLABLE,DEFECTIVE,Unit returned to inventory,
113-9822893-3459449,1,SELLABLE,APPAREL_STYLE,Unit returned to inventory,
113-9859564-1834630,1,SELLABLE,APPAREL_TOO_LARGE,Unit returned to inventory,
113-9935930-1521858,1,SELLABLE,NO_REASON_GIVEN,Unit returned to inventory,
113-9959253-1965011,1,SELLABLE,DEFECTIVE,Unit returned to inventory,
113-9969220-6849016,1,SELLABLE,APPAREL_TOO_SMALL,Unit returned to inventory,
114-0030997-7621879,1,CUSTOMER_DAMAGED,NOT_AS_DESCRIBED,Unit returned to inventory,
114-0037946-5705008,1,SELLABLE,UNWANTED_ITEM,Unit returned to inventory,
114-0037946-5705008,1,SELLABLE,UNDELIVERABLE_UNKNOWN,Unit returned to inventory,
114-0098320-5839444,1,SELLABLE,APPAREL_TOO_LARGE,Unit returned to inventory,
114-0129051-8117039,1,SELLABLE,APPAREL_TOO_SMALL,Unit returned to inventory,
114-0135331-5452255,1,DEFECTIVE,DEFECTIVE,Unit returned to inventory,
114-0284378-8026647,1,SELLABLE,MISORDERED,Unit returned to inventory,
114-0306302-3092207,1,CARRIER_DAMAGED,ORDERED_WRONG_ITEM,Reimbursed,
114-0339411-1839462,1,CUSTOMER_DAMAGED,UNWANTED_ITEM,Unit returned to inventory,
114-0342206-9054641,1,CUSTOMER_DAMAGED,UNWANTED_ITEM,Unit returned to inventory,
114-0347320-7141009,1,SELLABLE,UNWANTED_ITEM,Unit returned to inventory,
114-0376637-5317814,1,SELLABLE,NOT_AS_DESCRIBED,Unit returned to inventory,
114-0379753-0560234,1,CUSTOMER_DAMAGED,UNWANTED_ITEM,Unit returned to inventory,
114-0461338-3801856,1,CUSTOMER_DAMAGED,UNWANTED_ITEM,Unit returned to inventory,
114-0479131-2572206,1,SELLABLE,APPAREL_TOO_LARGE,Unit returned to inventory,
114-0513587-1775450,1,CUSTOMER_DAMAGED,NOT_AS_DESCRIBED,Unit returned to inventory,
114-0533183-1693059,1,SELLABLE,APPAREL_TOO_SMALL,Unit returned to inventory,
114-0561829-4321033,1,SELLABLE,NOT_AS_DESCRIBED,Unit returned to inventory,
114-0565543-4895454,1,SELLABLE,NO_REASON_GIVEN,Unit returned to inventory,
114-0644590-4637015,1,SELLABLE,UNWANTED_ITEM,Unit returned to inventory,
114-0644590-4637015,1,SELLABLE,UNWANTED_ITEM,Unit returned to inventory,
114-0644590-4637015,1,SELLABLE,UNWANTED_ITEM,Unit returned to inventory,
114-0644590-4637015,1,SELLABLE,UNWANTED_ITEM,Unit returned to inventory,
114-0644590-4637015,1,SELLABLE,UNWANTED_ITEM,Unit returned to inventory,
114-0644590-4637015,1,SELLABLE,UNWANTED_ITEM,Unit returned to inventory,
114-0644590-4637015,1,SELLABLE,UNWANTED_ITEM,Unit returned to inventory,
114-0652237-0377055,1,SELLABLE,UNWANTED_ITEM,Unit returned to inventory,
114-0848591-0319467,1,SELLABLE,NOT_AS_DESCRIBED,Unit returned to inventory,
114-0850424-1671406,1,SELLABLE,ORDERED_WRONG_ITEM,Unit returned to inventory,
114-0877278-7633826,1,SELLABLE,APPAREL_TOO_LARGE,Unit returned to inventory,
114-0910856-2226669,1,SELLABLE,NOT_AS_DESCRIBED,Unit returned to inventory,
114-0945095-3901849,1,SELLABLE,APPAREL_TOO_LARGE,Unit returned to inventory,
114-0945095-3901849,1,SELLABLE,APPAREL_TOO_LARGE,Unit returned to inventory,
114-0984376-3208245,1,SELLABLE,UNWANTED_ITEM,Unit returned to inventory,
114-0992838-1291464,1,SELLABLE,APPAREL_TOO_LARGE,Unit returned to inventory,
114-1001129-2629824,1,CUSTOMER_DAMAGED,UNWANTED_ITEM,Unit returned to inventory,
114-1027606-4624263,1,SELLABLE,MISORDERED,Unit returned to inventory,
114-1031495-4941831,1,CARRIER_DAMAGED,MISSED_ESTIMATED_DELIVERY,Reimbursed,
114-1035247-4116239,1,SELLABLE,NOT_AS_DESCRIBED,Unit returned to inventory,
114-1035247-4116239,1,SELLABLE,NOT_AS_DESCRIBED,Unit returned to inventory,
114-1035247-4116239,1,SELLABLE,NOT_AS_DESCRIBED,Unit returned to inventory,
114-1042212-8781860,1,SELLABLE,UNWANTED_ITEM,Unit returned to inventory,
114-1078658-2841834,1,CUSTOMER_DAMAGED,SWITCHEROO,Unit returned to inventory,
114-1127951-1132221,1,SELLABLE,UNWANTED_ITEM,Unit returned to inventory,
114-1139910-3237837,1,DEFECTIVE,MISORDERED,Unit returned to inventory,
114-1180698-1232264,1,SELLABLE,APPAREL_TOO_SMALL,Unit returned to inventory,
114-1188339-2360250,1,SELLABLE,UNWANTED_ITEM,Unit returned to inventory,
114-1253416-4993066,1,SELLABLE,SWITCHEROO,Unit returned to inventory,
114-1254947-0698610,1,SELLABLE,NOT_AS_DESCRIBED,Unit returned to inventory,
114-1338865-1829067,1,SELLABLE,UNWANTED_ITEM,Unit returned to inventory,
114-1349165-9003469,1,SELLABLE,APPAREL_TOO_LARGE,Unit returned to inventory,
114-1402436-9233001,1,SELLABLE,DEFECTIVE,Unit returned to inventory,
114-1405837-4437845,1,SELLABLE,UNWANTED_ITEM,Unit returned to inventory,
114-1499240-6897826,1,SELLABLE,DEFECTIVE,Unit returned to inventory,
114-1518182-0071439,1,SELLABLE,UNDELIVERABLE_UNKNOWN,Unit returned to inventory,
114-1535848-4630642,1,SELLABLE,UNWANTED_ITEM,Unit returned to inventory,
114-1603640-8803460,1,SELLABLE,UNWANTED_ITEM,Unit returned to inventory,
114-1678513-9285024,1,SELLABLE,NO_REASON_GIVEN,Unit returned to inventory,
114-1689545-4040212,1,SELLABLE,APPAREL_TOO_SMALL,Unit returned to inventory,
114-1708274-6261819,1,SELLABLE,DEFECTIVE,Unit returned to inventory,
114-1717388-4890647,1,SELLABLE,MISORDERED,Unit returned to inventory,
114-1747559-5962616,1,SELLABLE,APPAREL_TOO_LARGE,Unit returned to inventory,
114-1799826-5825055,1,SELLABLE,APPAREL_TOO_SMALL,Unit returned to inventory,
114-1799826-5825055,1,SELLABLE,UNWANTED_ITEM,Unit returned to inventory,
114-1853154-1673066,1,SELLABLE,APPAREL_TOO_SMALL,Unit returned to inventory,
114-1861442-2132264,1,SELLABLE,ORDERED_WRONG_ITEM,Unit returned to inventory,
114-1877889-6127440,1,SELLABLE,APPAREL_TOO_LARGE,Unit returned to inventory,
114-2002178-1013042,1,DEFECTIVE,MISORDERED,Repackaged Successfully,
114-2020509-0553803,1,SELLABLE,UNWANTED_ITEM,Unit returned to inventory,
114-2043224-9749857,1,SELLABLE,NOT_AS_DESCRIBED,Unit returned to inventory,
114-2106675-4438638,1,SELLABLE,APPAREL_TOO_SMALL,Unit returned to inventory,
114-2114326-8475454,1,CUSTOMER_DAMAGED,MISSED_ESTIMATED_DELIVERY,Unit returned to inventory,
114-2130030-8107457,1,CUSTOMER_DAMAGED,APPAREL_TOO_LARGE,Unit returned to inventory,
114-2149531-1792225,1,SELLABLE,QUALITY_UNACCEPTABLE,Unit returned to inventory,
114-2199550-5409848,1,SELLABLE,APPAREL_TOO_LARGE,Unit returned to inventory,
114-2243393-6378632,1,CUSTOMER_DAMAGED,ORDERED_WRONG_ITEM,Unit returned to inventory,
114-2249661-1005017,1,SELLABLE,SWITCHEROO,Unit returned to inventory,
114-2265831-3413819,1,SELLABLE,UNWANTED_ITEM,Unit returned to inventory,
114-2299414-8501823,1,SELLABLE,ORDERED_WRONG_ITEM,Unit returned to inventory,
114-2424070-4166601,1,SELLABLE,ORDERED_WRONG_ITEM,Unit returned to inventory,
114-2469378-3701846,1,DEFECTIVE,DEFECTIVE,Unit returned to inventory,
114-2470208-1013828,1,CUSTOMER_DAMAGED,ORDERED_WRONG_ITEM,Unit returned to inventory,
114-2474369-2333004,1,SELLABLE,APPAREL_TOO_SMALL,Unit returned to inventory,
114-2487388-6541024,1,SELLABLE,SWITCHEROO,Unit returned to inventory,
114-2541207-3061011,1,SELLABLE,MISORDERED,Unit returned to inventory,
114-2579779-6282665,1,CUSTOMER_DAMAGED,SWITCHEROO,Unit returned to inventory,
114-2658417-7193852,1,CUSTOMER_DAMAGED,UNWANTED_ITEM,Unit returned to inventory,
114-2676312-0809839,1,CUSTOMER_DAMAGED,APPAREL_TOO_LARGE,Unit returned to inventory,
114-2719476-0605020,1,SELLABLE,NO_REASON_GIVEN,Unit returned to inventory,
114-2719476-0605020,1,SELLABLE,NO_REASON_GIVEN,Unit returned to inventory,
114-2737153-1205027,1,SELLABLE,APPAREL_TOO_SMALL,Unit returned to inventory,
114-2844086-5245038,1,SELLABLE,NO_REASON_GIVEN,Unit returned to inventory,
114-2912568-3960238,1,SELLABLE,UNWANTED_ITEM,Unit returned to inventory,
114-2933705-9104203,1,CUSTOMER_DAMAGED,NO_REASON_GIVEN,Unit returned to inventory,
114-2933705-9104203,1,CUSTOMER_DAMAGED,NOT_AS_DESCRIBED,Unit returned to inventory,
114-2952071-6797028,1,CUSTOMER_DAMAGED,DAMAGED_BY_CARRIER,Unit returned to inventory,
114-2967443-7803457,1,DAMAGED,SWITCHEROO,Reimbursed,
114-2991891-6082626,1,SELLABLE,APPAREL_STYLE,Unit returned to inventory,
114-2991891-6082626,1,SELLABLE,APPAREL_STYLE,Unit returned to inventory,
114-3022353-6014656,1,CUSTOMER_DAMAGED,DAMAGED_BY_FC,Unit returned to inventory,
114-3067889-1273065,1,SELLABLE,DEFECTIVE,Unit returned to inventory,
114-3068104-0523424,1,SELLABLE,NO_REASON_GIVEN,Unit returned to inventory,
114-3093596-3895427,1,DEFECTIVE,NOT_AS_DESCRIBED,Unit returned to inventory,
114-3093911-1140237,1,SELLABLE,APPAREL_TOO_SMALL,Unit returned to inventory,
114-3170714-9843408,1,SELLABLE,APPAREL_TOO_LARGE,Unit returned to inventory,
114-3177285-8371406,1,SELLABLE,UNWANTED_ITEM,Unit returned to inventory,
114-3185882-3072236,1,SELLABLE,UNWANTED_ITEM,Unit returned to inventory,
114-3262816-7440255,1,SELLABLE,MISSED_ESTIMATED_DELIVERY,Unit returned to inventory,
114-3309603-5493821,1,SELLABLE,ORDERED_WRONG_ITEM,Unit returned to inventory,
114-3315049-7047451,1,SELLABLE,UNWANTED_ITEM,Unit returned to inventory,
114-3347817-3826621,1,CUSTOMER_DAMAGED,UNWANTED_ITEM,Unit returned to inventory,
114-3456909-7046652,1,SELLABLE,UNWANTED_ITEM,Unit returned to inventory,
114-3470881-8128243,1,SELLABLE,APPAREL_TOO_LARGE,Unit returned to inventory,
114-3784713-7231453,1,SELLABLE,APPAREL_TOO_SMALL,Unit returned to inventory,
114-3786107-5935439,1,SELLABLE,APPAREL_TOO_SMALL,Unit returned to inventory,
114-3802453-2166640,1,SELLABLE,APPAREL_TOO_LARGE,Unit returned to inventory,
114-3820014-9781030,1,SELLABLE,UNWANTED_ITEM,Unit returned to inventory,
114-3904909-3933856,1,SELLABLE,APPAREL_TOO_LARGE,Unit returned to inventory,
114-3978293-7745024,1,CUSTOMER_DAMAGED,APPAREL_TOO_LARGE,Unit returned to inventory,
114-4028405-7253826,1,SELLABLE,ORDERED_WRONG_ITEM,Unit returned to inventory,
114-4070860-7911417,1,CUSTOMER_DAMAGED,APPAREL_TOO_SMALL,Unit returned to inventory,
114-4180943-5861831,1,SELLABLE,APPAREL_TOO_SMALL,Unit returned to inventory,
114-4180943-5861831,1,SELLABLE,APPAREL_TOO_LARGE,Unit returned to inventory,
114-4208559-7616221,1,SELLABLE,DEFECTIVE,Unit returned to inventory,
114-4238156-6241833,1,CUSTOMER_DAMAGED,SWITCHEROO,Unit returned to inventory,
114-4277576-5371430,1,SELLABLE,ORDERED_WRONG_ITEM,Unit returned to inventory,
114-4278374-9249009,1,DEFECTIVE,APPAREL_TOO_LARGE,Unit returned to inventory,
114-4286398-8209848,1,SELLABLE,SWITCHEROO,Unit returned to inventory,
114-4439480-5149033,1,SELLABLE,APPAREL_TOO_SMALL,Unit returned to inventory,
114-4441892-9823405,1,SELLABLE,APPAREL_TOO_SMALL,Unit returned to inventory,
114-4441892-9823405,1,SELLABLE,APPAREL_TOO_SMALL,Unit returned to inventory,
114-4441892-9823405,1,SELLABLE,APPAREL_TOO_SMALL,Unit returned to inventory,
114-4441892-9823405,1,SELLABLE,APPAREL_TOO_SMALL,Unit returned to inventory,
114-4446107-3072213,1,SELLABLE,DID_NOT_LIKE_COLOR,Unit returned to inventory,
114-4446107-3072213,1,SELLABLE,DID_NOT_LIKE_COLOR,Unit returned to inventory,
114-4485418-7953053,1,CUSTOMER_DAMAGED,ORDERED_WRONG_ITEM,Unit returned to inventory,
114-4582338-8845858,1,CUSTOMER_DAMAGED,DEFECTIVE,Unit returned to inventory,
114-4609999-8287451,1,SELLABLE,NO_REASON_GIVEN,Unit returned to inventory,
114-4609999-8287451,1,SELLABLE,APPAREL_TOO_LARGE,Unit returned to inventory,
114-4618916-1232224,1,SELLABLE,UNWANTED_ITEM,Unit returned to inventory,
114-4692183-1270645,1,CUSTOMER_DAMAGED,APPAREL_TOO_SMALL,Unit returned to inventory,
114-4711715-4911414,1,SELLABLE,APPAREL_TOO_SMALL,Unit returned to inventory,
114-4727581-0684262,1,SELLABLE,MISORDERED,Unit returned to inventory,
114-4745937-2522653,1,SELLABLE,APPAREL_STYLE,Unit returned to inventory,
114-4748259-7384212,1,SELLABLE,MISORDERED,Unit returned to inventory,
114-4761395-6290662,1,SELLABLE,APPAREL_TOO_SMALL,Unit returned to inventory,
114-4785337-4138625,1,SELLABLE,APPAREL_TOO_LARGE,Unit returned to inventory,
114-4789871-6002627,1,SELLABLE,UNWANTED_ITEM,Unit returned to inventory,
114-4851148-4397856,1,SELLABLE,NOT_AS_DESCRIBED,Unit returned to inventory,
114-4887237-5493012,1,SELLABLE,ORDERED_WRONG_ITEM,Unit returned to inventory,
114-4965197-3481851,1,SELLABLE,APPAREL_STYLE,Unit returned to inventory,
114-4974561-6789861,1,SELLABLE,APPAREL_STYLE,Unit returned to inventory,
114-5008100-6781803,1,SELLABLE,NO_REASON_GIVEN,Unit returned to inventory,
114-5010668-8821036,1,SELLABLE,APPAREL_TOO_SMALL,Unit returned to inventory,
114-5059040-7130606,1,SELLABLE,UNDELIVERABLE_INSUFFICIENT_ADDRESS,Unit returned to inventory,
114-5059040-7130606,1,SELLABLE,UNDELIVERABLE_INSUFFICIENT_ADDRESS,Unit returned to inventory,
114-5077414-1905057,1,SELLABLE,APPAREL_TOO_SMALL,Unit returned to inventory,
114-5089545-7835405,1,SELLABLE,UNWANTED_ITEM,Unit returned to inventory,
114-5158887-6264269,1,CARRIER_DAMAGED,SWITCHEROO,Reimbursed,
114-5196364-3773061,1,SELLABLE,UNWANTED_ITEM,Unit returned to inventory,
114-5225619-0345059,1,SELLABLE,MISORDERED,Unit returned to inventory,
114-5237762-0235462,1,CUSTOMER_DAMAGED,SWITCHEROO,Unit returned to inventory,
114-5333893-2732230,1,SELLABLE,DEFECTIVE,Unit returned to inventory,
114-5364500-7912267,1,CUSTOMER_DAMAGED,UNWANTED_ITEM,Unit returned to inventory,
114-5368706-1612228,1,SELLABLE,UNWANTED_ITEM,Unit returned to inventory,
114-5448683-2311465,1,SELLABLE,APPAREL_TOO_LARGE,Unit returned to inventory,
114-5462427-3562637,1,SELLABLE,UNWANTED_ITEM,Unit returned to inventory,
114-5494920-0985046,1,CUSTOMER_DAMAGED,UNWANTED_ITEM,Unit returned to inventory,
114-5581316-2389034,1,SELLABLE,UNWANTED_ITEM,Unit returned to inventory,
114-5649547-9549804,1,SELLABLE,APPAREL_TOO_SMALL,Unit returned to inventory,
114-5650103-3732258,1,DEFECTIVE,DEFECTIVE,Unit returned to inventory,
114-5684948-6329816,1,CUSTOMER_DAMAGED,MISSED_ESTIMATED_DELIVERY,Unit returned to inventory,
114-5777584-4228228,1,SELLABLE,ORDERED_WRONG_ITEM,Unit returned to inventory,
114-5792950-6475464,1,SELLABLE,APPAREL_TOO_LARGE,Unit returned to inventory,
114-5792950-6475464,1,SELLABLE,APPAREL_TOO_LARGE,Unit returned to inventory,
114-5792950-6475464,1,SELLABLE,APPAREL_TOO_LARGE,Unit returned to inventory,
114-5805080-4573022,1,SELLABLE,APPAREL_TOO_LARGE,Unit returned to inventory,
114-5861945-3408209,1,CUSTOMER_DAMAGED,NOT_AS_DESCRIBED,Unit returned to inventory,
114-5966612-3521829,1,SELLABLE,UNDELIVERABLE_UNKNOWN,Unit returned to inventory,
114-5981497-8570605,1,SELLABLE,APPAREL_TOO_SMALL,Unit returned to inventory,
114-6005710-8937808,1,SELLABLE,NOT_COMPATIBLE,Unit returned to inventory,
114-6007327-9471460,1,DEFECTIVE,NOT_AS_DESCRIBED,Unit returned to inventory,
114-6021843-9307436,1,SELLABLE,UNWANTED_ITEM,Unit returned to inventory,
114-6084593-8749062,1,SELLABLE,APPAREL_STYLE,Unit returned to inventory,
114-6121028-2765860,1,SELLABLE,APPAREL_TOO_SMALL,Unit returned to inventory,
114-6301417-7787408,1,SELLABLE,APPAREL_TOO_LARGE,Unit returned to inventory,
114-6447311-2105808,1,SELLABLE,NOT_AS_DESCRIBED,Unit returned to inventory,
114-6473772-3769001,1,SELLABLE,APPAREL_STYLE,Unit returned to inventory,
114-6627565-3189805,1,SELLABLE,APPAREL_STYLE,Unit returned to inventory,
114-6650894-1290603,1,DEFECTIVE,DEFECTIVE,Unit returned to inventory,
114-6674979-5814613,1,SELLABLE,MISSED_ESTIMATED_DELIVERY,Unit returned to inventory,
114-6686191-7223405,1,SELLABLE,APPAREL_TOO_LARGE,Unit returned to inventory,
114-6717294-9122651,1,SELLABLE,UNWANTED_ITEM,Unit returned to inventory,
114-6772953-5717859,1,CUSTOMER_DAMAGED,UNWANTED_ITEM,Unit returned to inventory,
114-6779413-6077806,1,SELLABLE,APPAREL_TOO_LARGE,Unit returned to inventory,
114-6819454-0106638,1,SELLABLE,NO_REASON_GIVEN,Unit returned to inventory,
114-6820315-7859437,1,CUSTOMER_DAMAGED,ORDERED_WRONG_ITEM,Unit returned to inventory,
114-6969932-0277004,1,CUSTOMER_DAMAGED,NOT_AS_DESCRIBED,Unit returned to inventory,
114-7057886-4184254,1,SELLABLE,ORDERED_WRONG_ITEM,Unit returned to inventory,
114-7057886-4184254,1,SELLABLE,ORDERED_WRONG_ITEM,Unit returned to inventory,
114-7068697-4410629,1,SELLABLE,UNDELIVERABLE_UNKNOWN,Unit returned to inventory,
114-7097691-7041834,1,CUSTOMER_DAMAGED,SWITCHEROO,Unit returned to inventory,
114-7162754-5181860,1,SELLABLE,UNWANTED_ITEM,Unit returned to inventory,
114-7249877-6763431,1,SELLABLE,APPAREL_TOO_LARGE,Unit returned to inventory,
114-7249877-6763431,1,SELLABLE,APPAREL_TOO_LARGE,Unit returned to inventory,
114-7393599-8326604,1,SELLABLE,DEFECTIVE,Unit returned to inventory,
114-7411074-4953850,1,SELLABLE,UNWANTED_ITEM,Unit returned to inventory,
114-7415869-2229849,1,SELLABLE,NEVER_ARRIVED,Unit returned to inventory,
114-7424826-0945049,1,SELLABLE,DEFECTIVE,Unit returned to inventory,
114-7450270-6874664,1,SELLABLE,APPAREL_TOO_SMALL,Unit returned to inventory,
114-7480089-8301852,1,SELLABLE,APPAREL_TOO_LARGE,Unit returned to inventory,
114-7480169-1618602,1,SELLABLE,APPAREL_TOO_LARGE,Unit returned to inventory,
114-7508650-4576200,1,CUSTOMER_DAMAGED,UNWANTED_ITEM,Unit returned to inventory,
114-7517886-4182653,1,SELLABLE,UNWANTED_ITEM,Unit returned to inventory,
114-7582888-0887414,1,SELLABLE,UNWANTED_ITEM,Unit returned to inventory,
114-7582888-0887414,1,SELLABLE,NO_REASON_GIVEN,Unit returned to inventory,
114-7594113-6142604,1,SELLABLE,APPAREL_TOO_SMALL,Unit returned to inventory,
114-7669115-1407406,1,SELLABLE,MISORDERED,Unit returned to inventory,
114-7672792-5775406,1,SELLABLE,APPAREL_TOO_LARGE,Unit returned to inventory,
114-7673384-6813815,1,CARRIER_DAMAGED,DAMAGED_BY_CARRIER,Reimbursed,
114-7784141-5096214,1,SELLABLE,MISORDERED,Unit returned to inventory,
114-7805090-0282612,1,SELLABLE,NO_REASON_GIVEN,Unit returned to inventory,
114-7884542-0008229,1,SELLABLE,APPAREL_STYLE,Unit returned to inventory,
114-7956262-1682656,1,SELLABLE,APPAREL_TOO_LARGE,Unit returned to inventory,
114-7990438-9185804,1,SELLABLE,DID_NOT_LIKE_COLOR,Unit returned to inventory,
114-8003945-4858602,1,SELLABLE,APPAREL_TOO_LARGE,Unit returned to inventory,
114-8003945-4858602,1,SELLABLE,APPAREL_TOO_LARGE,Unit returned to inventory,
114-8022353-4009012,1,SELLABLE,MISORDERED,Unit returned to inventory,
114-8157132-9608215,1,CUSTOMER_DAMAGED,NOT_AS_DESCRIBED,Unit returned to inventory,
114-8183341-7616241,1,SELLABLE,DEFECTIVE,Unit returned to inventory,
114-8199205-9213016,1,SELLABLE,APPAREL_TOO_SMALL,Unit returned to inventory,
114-8202549-3842630,1,SELLABLE,MISORDERED,Unit returned to inventory,
114-8224391-8829851,1,SELLABLE,NOT_AS_DESCRIBED,Unit returned to inventory,
114-8233410-3481800,1,SELLABLE,UNWANTED_ITEM,Unit returned to inventory,
114-8244118-3658604,1,SELLABLE,APPAREL_TOO_LARGE,Unit returned to inventory,
114-8261692-3727408,1,SELLABLE,MISORDERED,Unit returned to inventory,
114-8276908-1895417,1,SELLABLE,APPAREL_TOO_SMALL,Unit returned to inventory,
114-8299666-8472220,1,CUSTOMER_DAMAGED,APPAREL_TOO_SMALL,Unit returned to inventory,
114-8402684-1993039,1,SELLABLE,APPAREL_TOO_SMALL,Unit returned to inventory,
114-8425958-4070608,1,CUSTOMER_DAMAGED,UNWANTED_ITEM,Unit returned to inventory,
114-8456037-2877040,1,DEFECTIVE,NOT_AS_DESCRIBED,Unit returned to inventory,
114-8683652-8355434,1,SELLABLE,APPAREL_TOO_LARGE,Unit returned to inventory,
114-8706411-4599417,1,CUSTOMER_DAMAGED,UNWANTED_ITEM,Unit returned to inventory,
114-8755443-4371454,1,SELLABLE,APPAREL_TOO_LARGE,Unit returned to inventory,
114-8755443-4371454,1,SELLABLE,APPAREL_TOO_LARGE,Unit returned to inventory,
114-8794838-0957861,1,SELLABLE,SWITCHEROO,Unit returned to inventory,
114-8875412-6448231,1,DEFECTIVE,DEFECTIVE,Unit returned to inventory,
114-8938366-8712230,1,SELLABLE,ORDERED_WRONG_ITEM,Unit returned to inventory,
114-8945607-8977015,1,SELLABLE,UNDELIVERABLE_UNKNOWN,Unit returned to inventory,
114-9012062-4195443,1,CUSTOMER_DAMAGED,APPAREL_TOO_SMALL,Unit returned to inventory,
114-9090746-0514616,1,SELLABLE,APPAREL_STYLE,Unit returned to inventory,
114-9153012-8277806,1,SELLABLE,DEFECTIVE,Unit returned to inventory,
114-9160160-9251417,1,CUSTOMER_DAMAGED,ORDERED_WRONG_ITEM,Unit returned to inventory,
114-9213894-8978627,1,SELLABLE,SWITCHEROO,Unit returned to inventory,
114-9218915-6192267,1,CUSTOMER_DAMAGED,NOT_AS_DESCRIBED,Unit returned to inventory,
114-9284553-0056261,1,SELLABLE,APPAREL_STYLE,Unit returned to inventory,
114-9302056-8186669,1,DEFECTIVE,DEFECTIVE,Unit returned to inventory,
114-9310116-6769046,1,SELLABLE,APPAREL_TOO_SMALL,Unit returned to inventory,
114-9320722-1817848,1,DEFECTIVE,DEFECTIVE,Unit returned to inventory,
114-9336842-1818637,1,SELLABLE,APPAREL_TOO_LARGE,Unit returned to inventory,
114-9361371-9202652,1,SELLABLE,APPAREL_TOO_LARGE,Unit returned to inventory,
114-9379680-2973006,1,SELLABLE,UNWANTED_ITEM,Unit returned to inventory,
114-9421177-3978645,1,SELLABLE,NOT_AS_DESCRIBED,Unit returned to inventory,
114-9443492-2503401,1,SELLABLE,APPAREL_TOO_SMALL,Unit returned to inventory,
114-9503781-6925066,1,SELLABLE,MISORDERED,Unit returned to inventory,
114-9533111-1477003,1,SELLABLE,ORDERED_WRONG_ITEM,Unit returned to inventory,
114-9582191-5850634,1,CUSTOMER_DAMAGED,ORDERED_WRONG_ITEM,Unit returned to inventory,
114-9708469-9189059,1,SELLABLE,APPAREL_TOO_LARGE,Unit returned to inventory,
114-9753031-9745007,1,SELLABLE,APPAREL_TOO_SMALL,Unit returned to inventory,
114-9795896-2978661,1,CUSTOMER_DAMAGED,MISORDERED,Unit returned to inventory,
114-9827464-1082610,1,SELLABLE,UNDELIVERABLE_UNKNOWN,Unit returned to inventory,
114-9887314-3429015,1,SELLABLE,SWITCHEROO,Unit returned to inventory,